"","X","Rank","Player","Age","Tm","First","Pts.Won","Pts.Max","Share","G","MP","PTS","TRB","AST","STL","BLK","FG.","X3P.","FT.","WS","WS.48","season","player_id","poss","mp","raptor_offense","raptor_defense","raptor_total","war_total","war_reg_season","war_playoffs","predator_offense","predator_defense","predator_total","pace_impact"
"1",51,"16T","Peja Stojakovic",24,"SAC",0,1,1260,0.001,71,37.3,21.2,5.3,2.5,1.1,0.2,0.484,0.416,0.876,9.9,0.179,2002,"stojape01",6006,2987,2.866001948,-1.576409884,1.289592064,6.114683893,6.065173901,0.049509992,2.929012941,-1.434325424,1.494687517,-0.428003952
"2",68,"4","Peja Stojakovic",26,"SAC",1,281,1230,0.228,81,40.3,24.2,6.3,2.1,1.3,0.2,0.48,0.433,0.927,13.5,0.198,2004,"stojape01",7401,3781,4.335474722,-1.079810328,3.255664394,11.56603155,10.4011553,1.164876245,4.558806696,-0.69687141,3.861935286,-0.445704204
"3",134,"10","Manu Ginobili",30,"SAS",0,9,1260,0.007,74,31.1,19.5,4.8,4.5,1.5,0.4,0.46,0.401,0.86,11.1,0.232,2008,"ginobma01",5356,2858,5.4005772,2.669572164,8.070149364,15.88012203,13.77112823,2.108993801,5.419555445,2.547866169,7.967421614,0.179468342
"4",164,"11","Manu Ginobili",32,"SAS",0,3,1230,0.002,75,28.7,16.5,3.8,4.9,1.4,0.3,0.441,0.377,0.87,9.7,0.216,2010,"ginobma01",4829,2502,5.732501882,1.116681385,6.849183266,12.3244807,10.41831132,1.906169377,5.790624154,1.393387206,7.18401136,0.081639394
"5",176,"8","Manu Ginobili",33,"SAS",0,20,1210,0.017,80,30.3,17.4,3.7,4.9,1.5,0.4,0.433,0.349,0.871,9.9,0.195,2011,"ginobma01",5052,2600,6.044526925,1.776115052,7.820641977,14.08302761,13.11535641,0.967671201,6.244892079,1.888387034,8.133279113,0.206893143
"6",228,"16","Goran Dragic",27,"PHO",0,3,1250,0.002,76,35.1,20.3,3.2,5.9,1.4,0.3,0.505,0.408,0.76,10.3,0.186,2014,"dragigo01",5389,2668,4.826053679,0.191101625,5.017155304,10.5505868,10.5505868,0,4.465946486,0.681530218,5.147476705,-0.201129559
"7",279,"4","Nikola Jokic",23,"DEN",0,212,1010,0.21,80,31.3,20.1,10.8,7.3,1.4,0.7,0.511,0.307,0.821,11.8,0.226,2019,"jokicni01",6219,3061,6.080263137,2.664693182,8.74495632,18.19761224,13.03130189,5.166310349,5.866490159,3.150483687,9.016973845,0.178082281
"8",291,"4","Luka Doncic",20,"DAL",0,200,1010,0.198,61,33.6,28.8,9.4,8.8,1,0.2,0.463,0.316,0.758,8.8,0.207,2020,"doncilu01",4775,2262,7.397159485,-1.068008544,6.329150941,10.64446575,9.936518816,0.707946934,7.909136834,-1.456047114,6.45308972,1.350775376
"9",296,"9","Nikola Jokic",24,"DEN",0,18,1010,0.018,73,32,19.9,9.7,7,1.2,0.6,0.528,0.314,0.817,9.8,0.202,2020,"jokicni01",6082,3030,4.60096554,0.475986351,5.076951891,12.13295997,9.380333757,2.752626217,5.35236176,1.751800264,7.104162023,-0.40383324
"10",300,"1","Nikola Jokic",25,"DEN",91,971,1010,0.961,72,34.6,26.4,10.8,8.3,1.3,0.7,0.566,0.388,0.868,15.6,0.301,2021,"jokicni01",5787,2833,8.59796770192476,0.651521234227334,9.24948893615209,17.5339165206694,15.7560312359587,1.77788528471075,8.68570045173231,1.0185306920442,9.70423114377651,0.791221853692214
"11",305,"6","Luka Doncic",21,"DAL",0,42,1010,0.042,66,34.3,27.7,8,8.6,1,0.5,0.479,0.35,0.73,7.7,0.163,2021,"doncilu01",5235,2543,6.64165405276573,-0.789069940314123,5.85258411245161,11.4026449506247,9.29776593129739,2.10487901932728,7.43545995944086,-1.20229205689852,6.23316790254233,1.22450940082698
"12",1,"1","Shaquille O'Neal",27,"LAL",120,1207,1210,0.998,79,40,29.7,13.6,3.8,0.5,3,0.574,0,0.524,18.6,0.283,2000,"onealsh01",8122,4163,4.392065114,3.15857055,7.550635664,21.84016647,17.43159282,4.408573651,4.7227871,2.678703213,7.401490313,-0.604116254
"13",2,"2","Kevin Garnett",23,"MIN",0,408,1210,0.337,81,40,22.9,11.8,5,1.5,1.6,0.497,0.37,0.765,11.6,0.172,2000,"garneke01",6570,3414,2.250017118,1.757785426,4.007802544,11.70333025,11.09500284,0.608327413,2.786463743,1.581486796,4.367950539,-0.689205955
"14",3,"3","Alonzo Mourning",29,"MIA",0,367,1210,0.303,79,34.8,21.7,9.5,1.6,0.5,3.7,0.551,0,0.711,12.9,0.226,2000,"mournal01",5864,3124,0.545253287,3.490962649,4.036215936,10.82077668,9.458794841,1.361981841,0.633096612,2.798552403,3.431649014,-0.330524497
"15",4,"4","Karl Malone",36,"UTA",0,312,1210,0.258,82,35.9,25.5,9.5,3.7,1,0.9,0.509,0.25,0.797,15.3,0.249,2000,"malonka01",6278,3333,3.978292145,0.602516138,4.580808284,12.42862188,11.34990897,1.078712916,4.056594668,0.479799111,4.536393779,-0.472175008
"16",5,"5","Tim Duncan",23,"SAS",0,248,1210,0.205,74,38.9,23.2,12.4,3.2,0.9,2.2,0.49,0.091,0.761,13,0.218,2000,"duncati01",5501,2875,2.181471716,2.096514225,4.27798594,10.22640388,10.22640388,0,2.461386402,1.926043433,4.387429835,-0.753303063
"17",6,"6","Gary Payton",31,"SEA",0,180,1210,0.149,82,41.8,24.2,6.5,8.9,1.9,0.2,0.448,0.34,0.735,13.9,0.195,2000,"paytoga01",7156,3646,5.714894832,0.585893864,6.300788697,16.81862883,15.92391727,0.894711562,5.903586133,1.116542492,7.020128625,-0.211035928
"18",7,"7","Allen Iverson",24,"PHI",1,132,1210,0.109,70,40.8,28.4,3.8,4.7,2.1,0.1,0.421,0.341,0.713,6.9,0.116,2000,"iversal01",6392,3297,0.976933854,0.327570783,1.304504637,6.827594594,6.226467581,0.601127014,1.570458217,0.482569841,2.053028058,0.09446682
"19",8,"8","Grant Hill",27,"DET",0,113,1210,0.093,74,37.5,25.8,6.6,5.2,1.4,0.6,0.489,0.347,0.795,10.7,0.185,2000,"hillgr01",5702,2831,3.833085192,0.093660973,3.926746165,9.592112184,9.645539175,-0.053426991,3.845945798,-0.124404581,3.721541218,-0.319763247
"20",9,"9","Chris Webber",26,"SAC",0,96,1210,0.079,75,38.4,24.5,10.5,4.6,1.6,1.7,0.483,0.284,0.751,10.7,0.179,2000,"webbech01",6405,3076,2.045576816,1.957906415,4.003483231,10.61385209,9.607823634,1.00602846,2.398757586,2.285075499,4.683833085,-0.32007959
"21",10,"10","Vince Carter",23,"TOR",0,51,1210,0.042,82,38.1,25.7,5.8,3.9,1.3,1.1,0.465,0.403,0.791,11.8,0.182,2000,"cartevi01",6309,3245,3.578793098,0.129757958,3.708551057,10.66947951,10.34618297,0.323296542,3.59713295,0.384434097,3.981567047,-0.24314584
"22",11,"11","Jason Kidd",26,"PHO",0,25,1210,0.021,67,39,14.3,7.2,10.1,2,0.4,0.409,0.337,0.829,8.5,0.156,2000,"kiddja01",5619,2845,2.783276563,1.870530583,4.653807146,10.70351252,9.92009872,0.783413801,2.847299987,2.008751076,4.856051062,-0.552410096
"23",12,"12","Kobe Bryant",21,"LAL",0,3,1210,0.002,66,38.2,22.5,6.3,4.9,1.6,0.9,0.468,0.319,0.821,10.6,0.202,2000,"bryanko01",6593,3381,3.711378391,1.430288966,5.141667357,13.69107562,10.53176171,3.159313911,3.876438488,1.870132732,5.74657122,-0.034932454
"24",13,"13T","Darrell Armstrong",31,"ORL",0,1,1210,0.001,82,31.6,16.2,3.3,6.1,2.1,0.1,0.433,0.34,0.911,8,0.149,2000,"armstda01",5310,2590,3.726113482,1.280989435,5.007102918,10.25148846,10.25148846,0,4.050281387,1.444651055,5.494932442,0.01023074
"25",14,"13T","Michael Finley",26,"DAL",0,1,1210,0.001,82,42.2,22.6,6.3,5.3,1.3,0.4,0.457,0.401,0.82,8.3,0.114,2000,"finlemi01",6927,3464,2.706359303,-0.459971281,2.246388023,8.766236647,8.766236647,0,2.915128481,-0.256664927,2.658463554,-0.683345563
"26",15,"13T","Reggie Miller",34,"IND",0,1,1210,0.001,81,36.9,18.1,3,2.3,1,0.3,0.448,0.408,0.919,10.1,0.162,2000,"millere01",7533,3879,4.337383057,-0.500081074,3.837301983,13.13101037,8.915604957,4.215405412,4.309965963,-0.279543413,4.030422551,-0.578467571
"27",16,"13T","Jalen Rose",27,"IND",0,1,1210,0.001,80,37.2,18.2,4.8,4,1.1,0.6,0.471,0.393,0.827,7.3,0.118,2000,"roseja01",7650,3942,1.690616117,-0.087314072,1.603302045,8.791538337,6.741447172,2.050091165,1.913035625,0.189564752,2.102600377,-0.210028106
"28",17,"1","Allen Iverson",25,"PHI",93,1121,1240,0.904,71,42,31.1,3.8,4.6,2.5,0.3,0.42,0.32,0.814,11.8,0.19,2001,"iversal01",7550,3995,3.493333163,0.646255665,4.139588828,14.15842091,10.72884215,3.429578765,4.2221682,1.233272569,5.455440769,0.14132656
"29",18,"2","Tim Duncan",24,"SAS",18,706,1240,0.569,82,38.7,22.2,12.2,3,0.9,2.3,0.499,0.259,0.618,13.2,0.2,2001,"duncati01",6986,3700,1.840179547,3.896793712,5.736973259,16.02061341,13.54583045,2.47478296,2.357345725,3.620383064,5.977728789,-0.435192838
"30",19,"3","Shaquille O'Neal",28,"LAL",7,578,1240,0.466,74,39.5,28.7,12.7,3.7,0.6,2.8,0.572,0,0.513,14.9,0.245,2001,"onealsh01",6961,3600,4.776321994,1.443197681,6.219519676,16.55404778,12.40995036,4.144097413,5.229350603,1.358020029,6.587370632,-0.224305298
"31",20,"4","Chris Webber",27,"SAC",5,521,1240,0.42,70,40.5,27.1,11.1,4.2,1.3,1.7,0.481,0.071,0.703,11,0.186,2001,"webbech01",6347,3184,0.960508809,2.153563917,3.114072726,9.505837025,9.326174794,0.179662231,1.505932305,2.222482966,3.728415271,-0.401547285
"32",21,"5","Kevin Garnett",24,"MIN",1,151,1240,0.122,81,39.5,22,11.4,5,1.4,1.8,0.477,0.288,0.764,11.8,0.176,2001,"garneke01",6499,3367,2.244422464,2.153502024,4.397924488,12.22472741,11.30761576,0.917111646,2.640134354,1.959391789,4.599526143,-0.718086241
"33",22,"6","Tracy McGrady",21,"ORL",0,64,1240,0.052,77,40.1,26.8,7.5,4.6,1.5,1.5,0.457,0.355,0.733,12.2,0.189,2001,"mcgratr01",6411,3265,4.041229209,1.945232597,5.986461806,14.47585698,13.59770285,0.878154129,4.007419017,1.83143099,5.838850007,-0.662291647
"34",23,"7","Karl Malone",37,"UTA",0,21,1240,0.017,81,35.7,23.2,8.3,4.5,1.1,0.8,0.498,0.4,0.793,13.1,0.217,2001,"malonka01",5840,3094,3.140444735,-0.466309387,2.674135348,8.502294587,8.58601955,-0.083724963,3.483072468,-0.391131348,3.091941121,-0.356754099
"35",24,"8","Jason Kidd",27,"PHO",0,18,1240,0.015,77,39.8,16.9,6.4,9.8,2.2,0.3,0.411,0.297,0.814,9.6,0.15,2001,"kiddja01",6349,3231,2.191378428,2.285140298,4.476518726,11.89349924,11.3752004,0.518298838,2.319362089,2.46213935,4.781501439,-0.295337917
"36",25,"9","Kobe Bryant",22,"LAL",0,11,1240,0.009,68,40.9,28.5,5.9,5,1.7,0.6,0.464,0.305,0.853,11.3,0.196,2001,"bryanko01",6723,3477,5.27666868,1.113544014,6.390212694,16.32360499,12.28960151,4.034003479,5.559040261,1.489466363,7.048506624,-0.054096881
"37",26,"10","David Robinson",35,"SAS",0,8,1240,0.006,80,29.6,14.4,8.6,1.5,1,2.5,0.486,0,0.747,12.1,0.246,2001,"robinda01",5249,2780,0.640909363,6.084678167,6.72558753,13.41967385,11.43206855,1.987605293,1.030147972,5.580030779,6.610178751,-0.551034762
"38",27,"11T","Ray Allen",25,"MIL",0,7,1240,0.006,82,38.2,22,5.2,4.6,1.5,0.2,0.48,0.433,0.888,13.7,0.211,2001,"allenra02",7502,3897,7.058893474,0.103691264,7.162584739,19.79155549,15.17248718,4.619068304,6.996634975,0.204263624,7.200898599,-0.375824893
"39",28,"11T","Vince Carter",24,"TOR",0,7,1240,0.006,75,39.7,27.6,5.5,3.9,1.5,1.1,0.46,0.408,0.765,12.9,0.208,2001,"cartevi01",6693,3518,6.314806428,0.475362345,6.790168773,17.15199876,14.46476288,2.687235884,6.575931502,0.785745162,7.361676664,-0.283739758
"40",29,"13","Paul Pierce",23,"BOS",0,5,1240,0.004,82,38,25.3,6.4,3.1,1.7,0.8,0.454,0.383,0.745,10.4,0.16,2001,"piercpa01",6088,3120,2.58809187,0.049655955,2.637747826,8.608699973,8.608699973,0,2.710447902,0.186144105,2.896592006,0.34834963
"41",30,"14","Jerry Stackhouse",26,"DET",0,3,1240,0.002,80,40.2,29.8,3.9,5.1,1.2,0.7,0.402,0.351,0.822,9.2,0.137,2001,"stackje01",6416,3215,3.260941161,-1.012391944,2.248549217,8.183490851,8.183490851,0,3.429053782,-1.057937528,2.371116254,-0.175629865
"42",31,"15T","Michael Finley",27,"DAL",0,1,1240,0.001,82,42,21.5,5.2,4.4,1.4,0.4,0.458,0.346,0.775,8.5,0.119,2001,"finlemi01",7571,3877,2.551530703,-0.637096113,1.91443459,9.172968563,8.661576162,0.511392401,2.90353434,-0.448510685,2.455023655,-0.411584137
"43",33,"15T","John Stockton",38,"UTA",0,1,1240,0.001,82,29.2,11.5,2.8,8.7,1.6,0.3,0.504,0.462,0.817,10.8,0.216,2001,"stockjo01",4874,2583,7.015467632,2.850490879,9.865958511,16.63450666,15.00421503,1.630291637,6.643001581,2.704464135,9.347465715,-0.320471921
"44",34,"1","Tim Duncan",25,"SAS",57,954,1260,0.757,82,40.6,25.5,12.7,3.7,0.7,2.5,0.508,0.1,0.799,17.8,0.257,2002,"duncati01",7001,3709,3.617258605,3.483545582,7.100804187,18.53218985,16.24212062,2.290069236,3.637089668,3.02726102,6.664350688,-0.946321528
"45",35,"2","Jason Kidd",28,"NJN",45,897,1260,0.712,82,37.3,14.7,7.3,9.9,2.1,0.2,0.391,0.321,0.814,8.9,0.14,2002,"kiddja01",7474,3859,4.108294562,2.111637403,6.219931964,17.72008291,13.63597997,4.084102936,4.340183928,2.246217189,6.586401117,-0.327606694
"46",36,"3","Shaquille O'Neal",29,"LAL",15,696,1260,0.552,67,36.1,27.2,10.7,3,0.6,2,0.579,0,0.555,13.2,0.262,2002,"onealsh01",6197,3198,4.239287677,3.422637576,7.661925253,17.03638357,13.19338923,3.842994334,4.44392166,2.775676535,7.219598196,-0.365333975
"47",37,"4","Tracy McGrady",22,"ORL",7,390,1260,0.31,76,38.3,25.6,7.9,5.3,1.6,1,0.451,0.364,0.748,11.5,0.189,2002,"mcgratr01",6049,3090,5.144965143,1.284104185,6.429069328,14.40920435,13.70661478,0.702589569,5.165174082,1.299615313,6.464789395,-0.474109376
"48",38,"5","Kobe Bryant",23,"LAL",1,98,1260,0.078,80,38.3,25.2,5.5,5.5,1.5,0.4,0.469,0.25,0.829,12.7,0.199,2002,"bryanko01",7551,3896,4.648752453,-0.206137875,4.442614578,14.35440383,11.55496085,2.799442976,4.691810187,0.335708959,5.027519146,-0.165804839
"49",39,"6","Gary Payton",33,"SEA",1,54,1260,0.043,82,40.3,22.1,4.8,9,1.6,0.3,0.467,0.314,0.797,12.6,0.183,2002,"paytoga01",6560,3508,4.849804525,-0.209407555,4.640396969,13.15605238,12.78381534,0.372237043,4.986582193,0.260281307,5.2468635,-0.426647762
"50",40,"7","Chris Webber",28,"SAC",0,37,1260,0.029,54,38.4,24.5,10.1,4.8,1.7,1.4,0.495,0.263,0.749,8.6,0.2,2002,"webbech01",5492,2738,2.462185528,0.971512576,3.433698103,8.653121949,6.902644934,1.750477014,2.853908581,1.315879359,4.16978794,-0.335229134
"51",41,"8","Dirk Nowitzki",23,"DAL",0,31,1260,0.025,76,38,23.4,9.9,2.4,1.1,1,0.477,0.397,0.853,13.4,0.222,2002,"nowitdi01",6378,3248,4.580113781,0.16563954,4.745753321,12.43540105,11.30218603,1.133215019,5.127406676,0.615404515,5.742811191,-0.235581031
"52",42,"9","Allen Iverson",26,"PHI",0,29,1260,0.023,60,43.7,31.4,4.5,5.5,2.8,0.2,0.398,0.291,0.812,6.9,0.126,2002,"iversal01",5296,2831,1.818079415,1.719887675,3.537967091,9.124666967,8.323820585,0.800846382,2.635990288,1.957831589,4.593821877,0.164708872
"53",43,"10","Ben Wallace",27,"DET",0,24,1260,0.019,80,36.5,7.6,13,1.4,1.7,3.5,0.531,0,0.423,11.6,0.19,2002,"wallabe01",6283,3329,-0.693215551,5.810173469,5.116957919,13.27945505,11.48946859,1.789986463,-0.456599765,5.794562128,5.337962363,-0.970622189
"54",44,"11","Paul Pierce",24,"BOS",0,22,1260,0.017,82,40.3,26.1,6.9,3.2,1.9,1,0.442,0.404,0.809,12.9,0.187,2002,"piercpa01",7709,3974,3.345334994,1.58804196,4.933376953,15.69302438,13.10308318,2.589941199,3.398265462,1.769820821,5.168086283,0.235457008
"55",45,"12","Kevin Garnett",25,"MIN",0,17,1260,0.013,81,39.2,21.2,12.1,5.2,1.2,1.6,0.47,0.319,0.801,12.8,0.194,2002,"garneke01",6320,3305,3.604968004,2.348420496,5.9533885,14.56619795,13.9785742,0.587623748,3.988993086,2.148649845,6.137642932,-0.797884144
"56",46,"13","Michael Jordan",38,"WAS",0,16,1260,0.013,60,34.9,22.9,5.7,5.2,1.4,0.4,0.416,0.189,0.79,3.3,0.075,2002,"jordami01",3894,2093,1.048079643,-1.164776045,-0.116696402,2.80433315,2.80433315,0,1.601696488,-0.9322201,0.669476389,-0.249250078
"57",47,"14","Steve Nash",27,"DAL",0,5,1260,0.004,82,34.6,17.9,3.1,7.7,0.6,0,0.483,0.455,0.887,9.9,0.167,2002,"nashst01",6204,3160,5.295462519,-1.371346108,3.924116412,10.71645694,9.660839834,1.055617105,5.173125377,-1.688804578,3.484320798,-0.670503285
"58",48,"15","Jerry Stackhouse",27,"DET",0,3,1260,0.002,76,35.3,21.4,4.1,5.3,1,0.5,0.397,0.287,0.858,5.8,0.104,2002,"stackje01",5749,3046,1.708244254,-0.486453233,1.221791021,6.166470691,5.834374398,0.332096293,1.94675949,-0.959964609,0.986794881,0.004321271
"59",49,"16T","Mike Bibby",23,"SAC",0,1,1260,0.001,80,33.2,13.7,2.8,5,1.1,0.2,0.453,0.37,0.803,6.3,0.113,2002,"bibbymi01",6665,3320,1.152465667,-0.582302837,0.57016283,5.662414982,3.645845012,2.01656997,1.16125734,-0.361672161,0.799585179,-0.594273212
"60",52,"1","Tim Duncan",26,"SAS",60,962,1190,0.808,81,39.3,23.3,12.9,3.9,0.7,2.9,0.513,0.273,0.71,16.5,0.248,2003,"duncati01",7991,4202,3.871612321,4.244495858,8.116108179,23.27460284,16.51085113,6.763751709,3.754580703,3.734890206,7.489470909,-0.844640448
"61",53,"2","Kevin Garnett",26,"MIN",43,871,1190,0.732,82,40.5,23,13.4,6,1.4,1.6,0.502,0.282,0.751,15.6,0.225,2003,"garneke01",6960,3586,4.854982917,4.081720862,8.936703779,21.24876483,19.8907457,1.358019125,4.991639365,3.846061207,8.837700573,-0.776190359
"62",54,"3","Kobe Bryant",24,"LAL",8,496,1190,0.417,82,41.5,30,6.9,5.9,2.2,0.8,0.451,0.383,0.843,14.9,0.21,2003,"bryanko01",7667,3932,5.389915227,0.941291902,6.331207129,18.23663789,16.57083141,1.665806485,5.635013703,1.290898005,6.925911707,-0.181081597
"63",55,"4","Tracy McGrady",23,"ORL",4,427,1190,0.359,75,39.4,32.1,6.5,5.5,1.7,0.8,0.457,0.386,0.793,16.1,0.262,2003,"mcgratr01",6366,3262,8.020701931,0.347800236,8.368502168,18.48818502,16.83368391,1.654501112,7.850746892,0.543968186,8.394715078,-0.289812895
"64",57,"6","Allen Iverson",27,"PHI",0,83,1190,0.07,82,42.5,27.6,4.2,5.5,2.7,0.2,0.414,0.277,0.774,9.2,0.127,2003,"iversal01",7717,4042,2.473674637,0.280695031,2.754369667,11.45796402,9.300956685,2.157007338,3.194251494,0.616373308,3.810624803,0.072373572
"65",58,"7","Dirk Nowitzki",24,"DAL",0,43,1190,0.036,80,39,25.1,9.9,3,1.4,1,0.463,0.379,0.881,16.1,0.249,2003,"nowitdi01",7494,3839,4.631648657,2.194584255,6.826232912,18.79525748,15.84437689,2.950880594,5.130105083,2.33349954,7.463604623,-0.281753229
"66",59,"8","Ben Wallace",28,"DET",1,33,1190,0.028,73,39.4,6.9,15.4,1.6,1.4,3.2,0.481,0.167,0.45,10.6,0.176,2003,"wallabe01",6571,3595,-1.362756242,6.944065366,5.581309124,15.259763,11.03134923,4.228413765,-0.963439318,6.891315234,5.927875916,-0.941955676
"67",60,"9","Jason Kidd",29,"NJN",0,31,1190,0.026,80,37.4,18.7,6.3,8.9,2.2,0.3,0.414,0.341,0.841,11.3,0.182,2003,"kiddja01",7384,3841,4.407908555,2.851787284,7.259695839,19.6614378,15.65890341,4.002534382,4.642254383,2.763273513,7.405527896,-0.316264716
"68",61,"10","Chris Webber",29,"SAC",0,19,1190,0.016,67,39.1,23,10.5,5.4,1.6,1.3,0.461,0.238,0.607,6.9,0.127,2003,"webbech01",5762,2868,0.381012253,1.36983101,1.750843263,6.588407599,5.885293378,0.703114221,1.125058631,1.599575325,2.724633956,-0.281919961
"69",62,"11T","Jamal Mashburn",30,"NOH",0,1,1190,0.001,82,40.5,21.6,6.1,5.6,1,0.2,0.422,0.389,0.848,9,0.13,2003,"mashbja01",6554,3483,1.917009629,-0.603268399,1.31374123,7.206046252,6.801030313,0.405015939,2.068889925,-0.605231819,1.463658105,-0.367191557
"70",63,"11T","Steve Nash",28,"DAL",0,1,1190,0.001,82,33.1,17.7,2.9,7.3,1,0.1,0.465,0.413,0.909,11.6,0.206,2003,"nashst01",6716,3440,5.364861063,-1.804780773,3.56008029,11.04243347,9.260433978,1.781999492,5.227599544,-1.690874189,3.536725355,-0.759047163
"71",64,"11T","Paul Pierce",25,"BOS",0,1,1190,0.001,79,39.2,25.9,7.3,4.4,1.8,0.8,0.416,0.302,0.802,10.1,0.157,2003,"piercpa01",6778,3541,2.359415464,1.178319375,3.537734839,11.45999054,9.551403641,1.908586895,2.402242795,1.275475885,3.67771868,0.337195619
"72",65,"1","Kevin Garnett",27,"MIN",120,1219,1230,0.991,82,39.4,24.2,13.9,5,1.5,2.2,0.499,0.256,0.791,18.3,0.272,2004,"garneke01",7542,4014,4.39007551,4.456477305,8.846552816,23.63504176,20.28188245,3.353159306,4.663240299,4.195813157,8.859053456,-0.857523216
"73",66,"2","Tim Duncan",27,"SAS",0,716,1230,0.582,69,36.6,22.3,12.4,3.1,0.9,2.7,0.501,0.167,0.599,13.1,0.249,2004,"duncati01",5494,2932,1.927665865,4.455760469,6.383426335,13.5980377,12.11590773,1.482129966,2.069526403,3.861976293,5.931502696,-0.655273518
"74",67,"3","Jermaine O'Neal",25,"IND",2,523,1230,0.425,78,35.7,20.1,10,2.1,0.8,2.6,0.434,0.111,0.757,9,0.155,2004,"onealje01",6242,3392,-0.625865701,2.570107971,1.944242271,8.114391174,6.85012705,1.264264123,-0.271975995,2.34950166,2.077525665,-0.507778085
"75",69,"5","Kobe Bryant",25,"LAL",0,212,1230,0.172,65,37.6,24,5.5,5.1,1.7,0.4,0.438,0.327,0.852,10.7,0.21,2004,"bryanko01",6535,3420,5.064588778,0.424176435,5.488765213,14.46057089,10.50850916,3.952061731,5.164197291,0.956858561,6.121055853,-0.122254244
"76",71,"7","Ben Wallace",29,"DET",0,24,1230,0.02,81,37.7,9.5,12.4,1.7,1.8,3,0.421,0.125,0.49,10.2,0.16,2004,"wallabe01",7325,3974,-1.467349251,7.340098458,5.872749206,17.46071561,12.66364028,4.797075334,-0.835922241,6.994865937,6.158943696,-0.949761775
"77",72,"8","Jason Kidd",30,"NJN",0,17,1230,0.014,67,36.6,15.5,6.4,9.2,1.8,0.2,0.384,0.321,0.827,7.2,0.141,2004,"kiddja01",5504,2924,3.226156119,2.234984042,5.461140161,12.26230961,10.0465472,2.215762409,3.390025413,2.109787918,5.499813331,-0.412241928
"78",73,"9","LeBron James",19,"CLE",0,11,1230,0.009,79,39.5,20.9,5.5,5.9,1.6,0.7,0.417,0.29,0.754,5.1,0.078,2004,"jamesle01",5974,3122,1.337109873,-0.298264024,1.038845849,6.013994518,6.013994518,0,1.629358074,-0.105367396,1.523990678,-0.31800111
"79",74,"10T","Sam Cassell",34,"MIN",0,4,1230,0.003,81,35,19.8,3.3,7.3,1.3,0.2,0.488,0.398,0.873,12.1,0.205,2004,"cassesa01",6263,3335,5.068002569,0.198800026,5.266802595,13.67227481,12.26240618,1.409868633,4.913408332,0.63016899,5.543577322,-0.094647538
"80",75,"10T","Baron Davis",24,"NOH",0,4,1230,0.003,67,40.1,22.9,4.3,7.5,2.4,0.4,0.395,0.321,0.673,7.5,0.133,2004,"davisba01",5520,2946,4.126414733,1.73577482,5.862189553,13.07793124,11.77165263,1.306278609,4.780713663,2.328015026,7.10872869,0.643709404
"81",76,"10T","Dirk Nowitzki",25,"DAL",0,4,1230,0.003,77,37.9,21.8,8.7,2.7,1.2,1.4,0.462,0.341,0.877,11.5,0.19,2004,"nowitdi01",6155,3127,3.173506149,0.466284865,3.639791014,10.17680499,9.068879094,1.107925892,3.771190846,0.91665852,4.687849365,-0.314202288
"82",77,"13","Andrei Kirilenko",22,"UTA",0,2,1230,0.002,78,37.1,16.5,8.1,3.1,1.9,2.8,0.443,0.338,0.79,11.6,0.192,2004,"kirilan01",5283,2895,3.360856223,3.658177117,7.019033341,14.34040758,14.34040758,0,3.660802154,3.393726477,7.05452863,-0.560763619
"83",78,"14T","Carmelo Anthony",19,"DEN",0,1,1230,0.001,82,36.5,21,6.1,2.8,1.2,0.5,0.426,0.322,0.777,6.1,0.098,2004,"anthoca01",6163,3138,0.579516833,-2.058344113,-1.47882728,2.021349302,2.187216133,-0.165866831,0.963372138,-1.791089365,-0.827717227,-0.090875251
"84",79,"14T","Yao Ming",23,"HOU",0,1,1230,0.001,82,32.8,17.5,9,1.5,0.3,1.9,0.522,0,0.809,11.4,0.202,2004,"mingya01",5323,2877,0.17015607,2.056994357,2.227150427,7.273551359,7.16182597,0.111725389,-0.089058727,1.543649447,1.45459072,-0.433227452
"85",80,"14T","Michael Redd",24,"MIL",0,1,1230,0.001,82,36.8,21.7,5,2.3,1,0.1,0.44,0.35,0.868,9.7,0.154,2004,"reddmi01",6195,3213,3.655428359,-2.901069137,0.754359222,5.678961032,6.274355879,-0.595394847,3.702267029,-2.175379846,1.526887183,-0.403470772
"86",81,"1","Steve Nash",30,"PHO",65,1066,1270,0.839,75,34.3,15.5,3.3,11.5,1,0.1,0.502,0.431,0.887,10.9,0.203,2005,"nashst01",6410,3183,7.296740757,-1.541472378,5.755268379,13.76455241,10.81293737,2.95161504,6.814882796,-1.720810814,5.094071982,-0.949360772
"87",83,"3","Dirk Nowitzki",26,"DAL",0,349,1270,0.275,78,38.7,26.1,9.7,3.1,1.2,1.5,0.459,0.399,0.869,15.6,0.248,2005,"nowitdi01",6968,3571,3.821284414,1.815783906,5.63706832,15.24344246,13.59452527,1.648917183,4.16420136,1.869308351,6.033509711,-0.490012208
"88",84,"4","Tim Duncan",28,"SAS",1,328,1270,0.258,66,33.4,20.3,11.1,2.7,0.7,2.6,0.496,0.333,0.67,11.2,0.245,2005,"duncati01",5726,3072,2.665027956,4.450822799,7.115850755,15.40872197,11.37685642,4.031865543,2.75816497,3.7756553,6.53382027,-1.000911875
"89",85,"5","Allen Iverson",29,"PHI",2,240,1270,0.189,75,42.3,30.7,4,7.9,2.4,0.1,0.424,0.308,0.835,9,0.136,2005,"iversal01",6788,3412,2.771129165,-0.657938824,2.113190341,8.484441869,7.717948728,0.766493141,3.141408412,-0.163182322,2.978226091,-0.168795379
"90",86,"6","LeBron James",20,"CLE",0,93,1270,0.073,80,42.4,27.2,7.4,7.2,2.2,0.7,0.472,0.351,0.75,14.3,0.203,2005,"jamesle01",6404,3388,5.094678357,1.423964185,6.518642542,15.95042997,15.95042997,0,5.324233376,1.480191196,6.804424572,-0.407580049
"91",87,"7","Tracy McGrady",25,"HOU",0,44,1270,0.035,78,40.8,25.7,6.2,5.7,1.7,0.7,0.431,0.326,0.774,12,0.18,2005,"mcgratr01",6508,3483,4.677866136,1.711061072,6.388927208,16.27846349,14.54099416,1.737469321,5.07285889,1.870984363,6.943843253,-0.106476678
"92",88,"8","Dwyane Wade",23,"MIA",0,43,1270,0.034,77,38.6,24.1,5.2,6.8,1.6,1.1,0.478,0.289,0.762,11,0.177,2005,"wadedw01",6775,3545,3.664304847,0.296199457,3.960504304,12.17712006,9.875969163,2.301150896,3.771458195,0.439412455,4.21087065,-0.239868432
"93",89,"9T","Amar'e Stoudemire",22,"PHO",1,41,1270,0.032,80,36.1,26,8.9,1.6,1,1.6,0.559,0.188,0.733,14.6,0.243,2005,"stoudam01",7030,3490,3.49240029,-0.606373345,2.886026945,10.04514385,8.399414596,1.645729252,3.769388334,-0.163642731,3.605745603,-0.349767049
"94",90,"9T","Ray Allen",29,"SEA",0,41,1270,0.032,78,39.3,23.9,4.4,3.7,1.1,0.1,0.428,0.376,0.883,10.7,0.168,2005,"allenra02",6490,3500,6.128334103,-1.40147961,4.726854493,13.388273,11.143558,2.244714998,6.359399443,-1.203899595,5.155499848,-0.184185368
"95",91,"11","Kevin Garnett",28,"MIN",0,15,1270,0.012,82,38.1,22.2,13.5,5.7,1.5,1.4,0.502,0.24,0.811,16.1,0.248,2005,"garneke01",5860,3121,4.557452518,3.023751746,7.581204265,16.28988559,16.28988559,0,4.718698098,3.228541886,7.947239984,-0.899840261
"96",92,"12","Gilbert Arenas",23,"WAS",0,4,1270,0.003,80,40.9,25.5,4.7,5.1,1.7,0.3,0.431,0.365,0.814,11.5,0.169,2005,"arenagi01",7339,3724,4.523299506,-1.184598025,3.338701482,11.6392294,10.48343493,1.155794471,4.737701853,-0.31457563,4.423126223,0.252913336
"97",93,"13","Vince Carter",28,"TOT",0,3,1270,0.002,77,36.7,24.5,5.2,4.2,1.4,0.6,0.452,0.406,0.798,9.4,0.159,2005,"cartevi01",5701,3007,2.703036445,0.691681607,3.394718052,9.575629156,9.222563337,0.353065818,2.754748882,0.981041993,3.735790875,0.912822418
"98",95,"14T","Marcus Camby",30,"DEN",0,1,1270,0.001,66,30.5,10.3,10,2.3,0.9,3,0.465,0,0.723,5.8,0.138,2005,"cambyma01",4322,2199,-2.164622476,3.403807339,1.239184863,4.434048538,4.302930587,0.131117952,-1.888377231,3.087178638,1.198801408,-0.759835127
"99",96,"14T","Shawn Marion",26,"PHO",0,1,1270,0.001,81,38.8,19.4,11.3,1.9,2,1.5,0.476,0.334,0.833,12.5,0.191,2005,"mariosh01",7617,3781,3.119801977,1.815193812,4.934995789,14.802498,12.73960009,2.062897914,3.794869324,2.400893428,6.195762752,-0.477668661
"100",97,"1","Steve Nash",31,"PHO",57,924,1250,0.739,79,35.4,18.8,4.2,10.5,0.8,0.2,0.512,0.439,0.921,12.4,0.212,2006,"nashst01",7196,3594,6.510774594,-1.036545506,5.474229089,14.99529771,11.8462849,3.149012811,6.114857567,-1.512265822,4.602591745,-1.037547684
"101",98,"2","LeBron James",21,"CLE",16,688,1250,0.55,79,42.5,31.4,7,6.6,1.6,0.8,0.48,0.335,0.738,16.3,0.232,2006,"jamesle01",7452,3965,6.415884113,0.840637535,7.256521648,20.23541443,18.05391633,2.181498099,6.492075985,0.916880157,7.408956142,-0.123552575
"102",99,"3","Dirk Nowitzki",27,"DAL",14,544,1250,0.435,81,38.1,26.6,9,2.8,0.7,1,0.48,0.406,0.901,17.7,0.275,2006,"nowitdi01",7557,4072,5.932919341,0.370503941,6.303423282,18.79862263,13.44831419,5.350308442,6.163301427,0.380841414,6.544142841,-0.803046673
"103",100,"4","Kobe Bryant",27,"LAL",22,483,1250,0.386,80,41,35.4,5.3,4.5,1.8,0.4,0.45,0.347,0.85,15.3,0.224,2006,"bryanko01",6884,3591,6.696956311,-0.641639248,6.055317063,16.192439,15.55741988,0.635019117,6.916755538,-0.056307486,6.860448052,0.183809255
"104",101,"5","Chauncey Billups",29,"DET",15,430,1250,0.344,81,36.1,18.5,3.1,8.6,0.9,0.1,0.418,0.433,0.894,15.5,0.254,2006,"billuch01",6611,3630,6.536574306,-0.950099502,5.586474804,15.38496229,12.73788644,2.647075856,6.238447608,-0.642932293,5.595515315,-0.730761324
"105",102,"6","Dwyane Wade",24,"MIA",0,87,1250,0.07,75,38.6,27.2,5.7,6.7,1.9,0.8,0.495,0.171,0.783,14.4,0.239,2006,"wadedw01",7407,3851,6.399514799,2.758030337,9.157545137,23.5463391,17.19031285,6.35602625,6.177998995,2.832040798,9.010039793,-0.184465779
"106",103,"7","Elton Brand",26,"LAC",1,50,1250,0.04,79,39.2,24.7,10,2.6,1,2.5,0.527,0.333,0.775,14.8,0.229,2006,"brandel01",7002,3616,3.522706776,1.706875113,5.229581888,14.6371882,11.93625546,2.700932742,3.512384102,1.733055275,5.245439376,-0.968784291
"107",104,"8","Tim Duncan",29,"SAS",0,33,1250,0.026,80,34.8,18.6,11,3.2,0.9,2,0.484,0.4,0.629,10.8,0.187,2006,"duncati01",6109,3277,1.462849637,3.578942573,5.041792211,13.04199317,10.10572183,2.936271336,1.862360775,3.288924168,5.151284942,-0.561590838
"108",105,"9","Tony Parker",23,"SAS",0,9,1250,0.007,80,33.9,18.9,3.3,5.8,1,0.1,0.548,0.306,0.707,9.6,0.169,2006,"parketo01",5947,3190,2.31034643,0.281717336,2.592063765,8.680118467,8.011778874,0.668339593,2.254765024,0.305655291,2.560420315,-0.346813197
"109",106,"10T","Allen Iverson",30,"PHI",0,1,1250,0.001,72,43.1,33,3.2,7.4,1.9,0.1,0.447,0.323,0.814,10.6,0.165,2006,"iversal01",6061,3103,4.6792052,-0.960148217,3.719056983,10.18422318,10.18422318,0,4.84680719,-0.420584598,4.426222592,-0.512377378
"110",107,"10T","Shawn Marion",27,"PHO",0,1,1250,0.001,81,40.3,21.8,11.8,1.8,2,1.7,0.525,0.331,0.809,14.6,0.214,2006,"mariosh01",8238,4112,2.184192485,2.940178617,5.124371102,16.51400475,13.43935597,3.074648776,2.859552602,3.39416426,6.253716862,-0.46487658
"111",108,"1","Dirk Nowitzki",28,"DAL",83,1138,1290,0.882,78,36.2,24.6,8.9,3.4,0.7,0.8,0.502,0.416,0.904,16.3,0.278,2007,"nowitdi01",5788,3059,5.521601286,0.427274107,5.948875393,13.4981743,12.75186979,0.746304512,5.540255302,0.411016981,5.951272283,-0.766870385
"112",109,"2","Steve Nash",32,"PHO",44,1013,1290,0.785,76,35.3,18.6,3.5,11.6,0.8,0.1,0.532,0.455,0.899,12.6,0.225,2007,"nashst01",6222,3095,7.520648513,-1.200076996,6.320571517,14.20991254,12.51417989,1.69573265,7.176233698,-1.668943335,5.507290363,-1.044039085
"113",110,"3","Kobe Bryant",28,"LAL",2,521,1290,0.404,77,40.8,31.6,5.7,5.4,1.4,0.5,0.463,0.344,0.868,13,0.199,2007,"bryanko01",6615,3355,5.814958023,-0.184769524,5.630188498,14.34414117,13.7157986,0.628342569,5.850883237,0.163651025,6.014534263,-0.150351606
"114",111,"4","Tim Duncan",30,"SAS",0,286,1290,0.222,80,34.1,20,10.6,3.4,0.8,2.4,0.546,0.111,0.637,13,0.23,2007,"duncati01",6537,3462,2.245433035,4.996011198,7.241444234,17.63161797,14.02295513,3.608662839,2.581425956,4.338412089,6.919838045,-0.651717734
"115",112,"5","LeBron James",22,"CLE",0,183,1290,0.142,78,40.9,27.3,6.7,6,1.6,0.7,0.476,0.319,0.698,13.7,0.206,2007,"jamesle01",7717,4083,4.632207144,2.641377662,7.273584806,21.01817691,15.99684927,5.021327641,4.681354315,2.435116036,7.116470351,-0.138090935
"116",113,"6","Tracy McGrady",27,"HOU",0,110,1290,0.085,71,35.8,24.6,5.3,6.5,1.3,0.5,0.431,0.331,0.707,8.6,0.163,2007,"mcgratr01",5370,2819,3.603182883,0.280167673,3.883350555,9.544326174,8.984859209,0.559466965,3.866184213,0.201904719,4.068088932,-0.004184856
"117",114,"7","Chris Bosh",22,"TOR",0,43,1290,0.033,69,38.5,22.6,10.7,2.5,0.6,1.3,0.496,0.343,0.785,9.6,0.174,2007,"boshch01",5608,2880,0.951137244,0.376574556,1.3277118,5.933332332,5.778128556,0.155203776,1.124957584,0.445301831,1.570259415,-0.821968022
"118",115,"8","Gilbert Arenas",25,"WAS",0,31,1290,0.024,74,39.8,28.4,4.6,6,1.9,0.2,0.418,0.351,0.844,10.8,0.177,2007,"arenagi01",5834,2942,6.172511025,0.066437618,6.238948643,13.55784962,13.55784962,0,6.715064766,0.870105064,7.58516983,0.450726654
"119",117,"9T","Kevin Garnett",30,"MIN",0,7,1290,0.005,76,39.4,22.4,12.8,4.1,1.2,1.7,0.476,0.214,0.835,10.7,0.171,2007,"garneke01",5743,2995,2.169539081,3.643920186,5.813459266,12.97246375,12.97246375,0,2.240531539,3.38507517,5.625606709,-0.802914257
"120",118,"11","Chauncey Billups",30,"DET",0,4,1290,0.003,70,36.2,17,3.4,7.2,1.2,0.2,0.427,0.345,0.883,11.4,0.216,2007,"billuch01",5833,3182,5.703849022,-0.346499889,5.357349133,13.19351554,10.75738623,2.436129312,5.507742923,0.142472103,5.650215027,-0.257575064
"121",120,"12T","Dwyane Wade",25,"MIA",0,3,1290,0.002,51,37.9,27.4,4.7,7.5,2.1,1.2,0.491,0.266,0.807,8.8,0.219,2007,"wadedw01",3971,2093,4.722512007,1.00699054,5.729502547,9.042442024,9.213831049,-0.171389025,4.566817401,1.112345087,5.679162488,-0.198923132
"122",121,"14","Amar'e Stoudemire",24,"PHO",0,2,1290,0.002,82,32.8,20.4,9.6,1,1,1.3,0.575,0,0.781,11.2,0.201,2007,"stoudam01",6097,3032,0.719690643,0.309530103,1.029220746,5.897218096,4.37733331,1.519884786,1.225118297,0.599890515,1.825008812,-0.11877282
"123",122,"15T","Carmelo Anthony",22,"DEN",0,1,1290,0.001,65,38.2,28.9,6,3.8,1.2,0.4,0.476,0.268,0.808,7.3,0.14,2007,"anthoca01",5490,2696,3.152910243,-1.862011098,1.290899144,5.582432827,4.987032553,0.595400275,3.223195406,-1.526443012,1.696752394,-0.126318705
"124",123,"15T","Baron Davis",27,"GSW",0,1,1290,0.001,63,35.3,20.1,4.4,8.1,2.1,0.5,0.439,0.304,0.745,6.4,0.139,2007,"davisba01",5537,2666,4.227296732,2.04549347,6.272790202,12.45360294,9.238012109,3.215590828,4.430448614,2.426725598,6.857174212,0.286124783
"125",124,"15T","Tony Parker",24,"SAS",0,1,1290,0.001,77,32.5,18.6,3.2,5.5,1.1,0.1,0.52,0.395,0.783,9.6,0.185,2007,"parketo01",6136,3250,1.86411872,-0.198188728,1.665929992,7.304773623,6.28076134,1.024012283,1.898623679,0.127682289,2.026305968,-0.523469449
"126",125,"1","Kobe Bryant",29,"LAL",82,1100,1260,0.873,82,38.9,28.3,6.3,5.4,1.8,0.5,0.459,0.361,0.84,13.8,0.208,2008,"bryanko01",8116,4055,6.051651061,1.153104666,7.204755726,20.75677008,16.03590165,4.720868427,6.433559184,1.521123595,7.954682779,0.05386977
"127",126,"2","Chris Paul",22,"NOH",28,894,1260,0.71,80,37.6,21.1,4,11.6,2.7,0.1,0.488,0.369,0.851,17.8,0.284,2008,"paulch01",6582,3492,9.040851852,0.968720838,10.00957269,22.77211369,19.19661635,3.575497337,9.022064057,2.111864359,11.13392842,-0.333080638
"128",127,"3","Kevin Garnett",31,"BOS",15,670,1260,0.532,71,32.8,18.8,9.2,3.4,1.4,1.3,0.539,0,0.801,12.9,0.265,2008,"garneke01",6246,3315,2.859439639,4.955688263,7.815127901,17.88511762,12.90798948,4.977128141,2.96389919,4.488904065,7.452803255,-0.568968865
"129",128,"4","LeBron James",23,"CLE",1,438,1260,0.348,75,40.4,30,7.9,7.2,1.8,1.1,0.484,0.315,0.712,15.2,0.242,2008,"jamesle01",6753,3579,6.802467,1.626495475,8.428962475,20.49272427,17.52677363,2.965950635,6.839819449,1.65439352,8.494212969,0.015236558
"130",129,"5","Dwight Howard",22,"ORL",0,60,1260,0.048,82,37.7,20.7,14.2,1.3,0.9,2.1,0.599,0,0.59,12.9,0.2,2008,"howardw01",6854,3509,0.627842058,2.163505364,2.791347422,9.964824436,8.53369981,1.431124626,1.007176742,2.224662347,3.231839088,-0.098060558
"131",130,"6","Amar'e Stoudemire",25,"PHO",0,27,1260,0.021,79,33.9,25.2,9.1,1.5,0.8,2.1,0.59,0.161,0.805,14.6,0.262,2008,"stoudam01",5853,2881,3.608419212,0.081288398,3.68970761,9.438088377,9.151898703,0.286189674,3.700945879,0.561223929,4.262169808,-0.188974413
"132",131,"7","Tim Duncan",31,"SAS",0,25,1260,0.02,78,34,19.3,11.3,2.8,0.7,1.9,0.497,0,0.73,11.1,0.201,2008,"duncati01",6217,3317,0.874232314,4.296832261,5.171064575,13.36334195,10.78955411,2.573787847,1.143346635,3.921831977,5.065178612,-0.839087076
"133",132,"8","Tracy McGrady",28,"HOU",0,19,1260,0.015,66,37,21.6,5.1,5.9,1,0.5,0.419,0.292,0.684,5.8,0.115,2008,"mcgratr01",5089,2687,2.03438348,0.577414784,2.611798264,7.38669994,6.35795782,1.02874212,2.255679877,0.444615721,2.700295598,-0.201272627
"134",133,"9","Steve Nash",33,"PHO",0,18,1260,0.014,81,34.3,16.9,3.5,11.1,0.7,0.1,0.504,0.47,0.906,10.5,0.181,2008,"nashst01",6022,2963,6.832862505,-1.622864537,5.209997968,11.91703409,11.29941494,0.617619146,6.481103843,-2.060816595,4.420287248,-0.997927887
"135",135,"11","Dirk Nowitzki",29,"DAL",0,5,1260,0.004,77,36,23.6,8.6,3.5,0.7,0.9,0.479,0.359,0.879,12.9,0.223,2008,"nowitdi01",5650,2980,4.635470674,0.928716881,5.564187555,12.61310378,11.62584654,0.987257244,4.802838846,0.893449824,5.696288671,-0.440589366
"136",136,"12","Deron Williams",23,"UTA",0,4,1260,0.003,82,37.3,18.8,3,10.5,1.1,0.3,0.507,0.395,0.803,11.3,0.177,2008,"willide01",6971,3572,5.465372546,-0.862864332,4.602508214,13.40467184,11.06663375,2.338038097,5.404300118,-0.803010014,4.601290104,-0.553587661
"137",137,"13","Carmelo Anthony",23,"DEN",0,3,1260,0.002,77,36.4,25.7,7.4,3.4,1.3,0.5,0.492,0.354,0.786,8.2,0.14,2008,"anthoca01",6195,2952,1.947506335,-1.355296639,0.592209697,5.020637804,5.126354435,-0.105716631,2.122889275,-1.089752436,1.033136839,-0.049473319
"138",138,"14T","Carlos Boozer",26,"UTA",0,1,1260,0.001,81,34.9,21.1,10.4,2.9,1.2,0.5,0.547,0,0.738,10.2,0.173,2008,"boozeca01",6380,3268,1.858683748,-0.417493911,1.441189836,6.931941216,7.129004384,-0.197063169,2.316313706,0.033309121,2.349622827,-0.035986163
"139",139,"14T","Antawn Jamison",31,"WAS",0,1,1260,0.001,79,38.7,21.4,10.2,1.5,1.3,0.4,0.436,0.339,0.76,9.2,0.144,2008,"jamisan01",6212,3298,2.257053448,0.159799827,2.416853275,8.691913209,8.217080687,0.474832522,2.831314303,0.761890803,3.593205106,-0.142433763
"140",140,"14T","Paul Pierce",30,"BOS",0,1,1260,0.001,80,35.9,19.6,5.1,4.5,1.3,0.5,0.464,0.392,0.843,12.4,0.207,2008,"piercpa01",7297,3864,3.947613515,1.534757308,5.482370823,16.32238289,12.62218167,3.700201224,4.034176451,1.316256958,5.35043341,0.079123545
"141",141,"14T","Rasheed Wallace",33,"DET",0,1,1260,0.001,77,30.5,12.7,6.6,1.8,1.2,1.7,0.432,0.356,0.767,7.6,0.155,2008,"wallara01",5360,2931,-0.294722043,4.48923424,4.194512197,10.45559245,8.754747361,1.700845091,0.697026695,4.455708719,5.152735414,0.301151988
"142",142,"1","LeBron James",24,"CLE",109,1172,1210,0.969,81,37.7,28.4,7.6,7.2,1.7,1.1,0.489,0.344,0.78,20.3,0.318,2009,"jamesle01",6760,3634,9.334993762,3.245820847,12.58081461,28.52525948,22.79505684,5.730202644,9.408782313,2.868373513,12.27715583,-0.344555623
"143",143,"2","Kobe Bryant",30,"LAL",2,698,1210,0.577,82,36.1,26.8,5.2,4.9,1.5,0.5,0.467,0.351,0.856,12.7,0.206,2009,"bryanko01",7687,3900,5.905903594,0.790464766,6.69636836,18.9599663,13.13105042,5.828915882,6.045646415,0.984931868,7.030578283,-0.24220496
"144",144,"3","Dwyane Wade",27,"MIA",7,680,1210,0.562,79,38.6,30.2,5,7.5,2.2,1.3,0.491,0.317,0.765,14.7,0.232,2009,"wadedw01",6270,3333,7.081242324,2.31074139,9.391983714,20.63252791,19.26842564,1.364102264,6.97741,2.291886567,9.269296567,-0.089608095
"145",145,"4","Dwight Howard",23,"ORL",1,328,1210,0.271,79,35.7,20.6,13.8,1.4,1,2.9,0.572,0,0.594,13.8,0.234,2009,"howardw01",7184,3724,0.725677494,4.375458232,5.101135727,15.01442707,11.01702142,3.997405649,0.999317079,4.179789019,5.179106097,-0.205376321
"146",146,"5","Chris Paul",23,"NOH",2,192,1210,0.159,78,38.5,22.8,5.5,11,2.8,0.1,0.503,0.364,0.868,18.3,0.292,2009,"paulch01",5934,3203,8.195174738,3.653223158,11.8483979,23.82479393,23.57188188,0.252912046,7.845714538,4.24740332,12.09311786,-0.274466707
"147",147,"6","Chauncey Billups",32,"TOT",0,33,1210,0.027,79,35.3,17.7,3,6.4,1.2,0.2,0.418,0.408,0.913,10.1,0.174,2009,"billuch01",6736,3408,5.092921311,-1.640615163,3.452306148,10.93182203,7.793286462,3.138535571,4.902282426,-1.162542413,3.739740013,0.447041682
"148",148,"7","Paul Pierce",31,"BOS",0,21,1210,0.017,81,37.5,20.5,5.6,3.6,1,0.3,0.457,0.391,0.83,10.3,0.164,2009,"piercpa01",6853,3591,1.7849531,0.733777652,2.518730752,9.688041145,8.498917451,1.189123694,1.936504222,0.605697154,2.542201375,-0.042507418
"149",149,"8","Tony Parker",26,"SAS",0,9,1210,0.007,72,34.1,22,3.1,6.9,0.9,0.1,0.506,0.292,0.782,8.6,0.168,2009,"parketo01",4902,2637,3.587363227,-0.02816499,3.559198237,8.460277888,7.772598713,0.687679176,3.403727341,0.086283334,3.490010674,-0.575903996
"150",150,"9","Brandon Roy",24,"POR",0,7,1210,0.006,78,37.2,22.6,4.7,5.1,1.1,0.3,0.48,0.377,0.824,13.5,0.223,2009,"roybr01",5719,3141,5.839495873,0.395293004,6.234788877,14.31229787,13.39819043,0.914107434,5.665413442,0.444389042,6.109802485,-0.692743916
"151",151,"10","Dirk Nowitzki",30,"DAL",0,3,1210,0.002,81,37.7,25.9,8.4,2.4,0.8,0.8,0.479,0.359,0.89,10.9,0.171,2009,"nowitdi01",6627,3444,2.188568477,-0.143934597,2.044633881,8.439488546,6.544258055,1.895230491,2.43945263,0.012333198,2.451785829,-0.625102084
"152",152,"11","Tim Duncan",32,"SAS",0,2,1210,0.002,75,33.7,19.3,10.7,3.5,0.5,1.7,0.504,0,0.692,10.1,0.191,2009,"duncati01",4998,2688,0.635514163,3.280681787,3.91619595,9.069960515,8.614418984,0.455541531,0.905171354,2.884925912,3.790097266,-0.836828674
"153",153,"12","Yao Ming",28,"HOU",0,1,1210,0.001,77,33.6,19.7,9.9,1.8,0.4,1.9,0.548,1,0.866,10.6,0.196,2009,"mingya01",5516,2912,0.598204623,3.525210964,4.123415587,10.1998461,8.858747614,1.341098484,0.499090254,2.911579684,3.410669939,-0.521776784
"154",154,"1","LeBron James",25,"CLE",116,1205,1230,0.98,76,39,29.7,7.3,8.6,1.6,1,0.503,0.333,0.767,18.5,0.299,2010,"jamesle01",6611,3426,9.196731423,2.250083757,11.44681518,24.81281621,21.80502538,3.007790833,9.158159023,1.967559351,11.12571837,-0.376950737
"155",155,"2","Kevin Durant",21,"OKC",4,609,1230,0.495,82,39.5,30.1,7.6,2.8,1.4,1,0.476,0.365,0.9,16.1,0.238,2010,"duranke01",6795,3470,5.202070753,1.802995972,7.005066725,17.19781413,16.77985266,0.417961474,5.060888579,1.385219442,6.446108021,-0.336266998
"156",156,"3","Kobe Bryant",31,"LAL",0,599,1230,0.487,73,38.8,27,5.4,5,1.5,0.3,0.456,0.329,0.811,9.4,0.16,2010,"bryanko01",7287,3758,4.248726021,1.093790366,5.342516387,15.70856927,10.7461469,4.962422364,4.474323474,1.242222573,5.716546048,0.046163
"157",157,"4","Dwight Howard",24,"ORL",3,478,1230,0.389,82,34.7,18.3,13.2,1.8,0.9,2.8,0.612,0,0.592,13.2,0.223,2010,"howardw01",6418,3340,0.854158659,5.033301285,5.887459944,14.80061689,12.54723,2.253386892,1.203133374,4.623494445,5.826627819,0.085673756
"158",158,"5","Dwyane Wade",28,"MIA",0,119,1230,0.097,77,36.3,26.6,4.8,6.5,1.8,1.1,0.476,0.3,0.761,13,0.224,2010,"wadedw01",5675,3002,7.211522958,1.721536845,8.933059803,17.93644907,16.59208546,1.344363615,6.940761081,1.781978223,8.722739304,0.011429894
"159",159,"6","Carmelo Anthony",25,"DEN",0,65,1230,0.053,69,38.2,28.2,6.6,3.2,1.3,0.4,0.458,0.316,0.83,7.9,0.145,2010,"anthoca01",5776,2888,3.392805436,-0.527099653,2.865705783,8.303335631,7.233331128,1.070004503,3.75743003,-0.313073363,3.444356667,-0.00238793
"160",160,"7","Dirk Nowitzki",31,"DAL",0,55,1230,0.045,81,37.5,25,7.7,2.7,0.9,1,0.481,0.421,0.915,12.3,0.194,2010,"nowitdi01",6358,3272,2.253263956,0.733149653,2.986413609,9.559727335,8.461719744,1.09800759,2.285205497,0.841536433,3.12674193,-0.64030196
"161",161,"8","Steve Nash",35,"PHO",0,49,1230,0.04,81,32.8,16.5,3.3,11,0.5,0.1,0.507,0.426,0.938,9.9,0.178,2010,"nashst01",6374,3199,6.745587951,-1.969484463,4.776103488,12.21554584,10.03325775,2.182288086,6.434660575,-2.444117664,3.990542911,-1.045070821
"162",162,"9","Deron Williams",25,"UTA",0,7,1230,0.006,76,36.9,18.7,4,10.5,1.3,0.2,0.469,0.371,0.801,10.3,0.177,2010,"willide01",6326,3200,5.72484464,-0.026439482,5.698405158,13.81375381,11.71705862,2.096695186,5.58680337,0.216839073,5.803642443,-0.291489186
"163",163,"10","Amar'e Stoudemire",27,"PHO",0,5,1230,0.004,82,34.6,23.1,8.9,1,0.6,1,0.557,0.167,0.771,10.7,0.181,2010,"stoudam01",6818,3422,1.935621393,-1.23155066,0.704070732,6.056543114,4.855641628,1.200901486,2.313986754,-0.756532358,1.557454396,-0.25533907
"164",165,"12T","Chauncey Billups",33,"DEN",0,1,1230,0.001,73,34.1,19.5,3.1,5.6,1.1,0.1,0.418,0.386,0.91,9.5,0.182,2010,"billuch01",5393,2697,4.386367115,-1.366583976,3.01978314,7.941878552,7.338960622,0.60291793,4.445834198,-1.149694551,3.296139647,-0.18852
"165",166,"12T","Chris Bosh",25,"TOR",0,1,1230,0.001,70,36.1,24,10.8,2.4,0.6,1,0.518,0.364,0.797,9.6,0.182,2010,"boshch01",4956,2526,2.463299654,-0.350230657,2.113068997,6.215812036,6.215812036,0,2.754176822,-0.241048038,2.513128784,-0.77196449
"166",167,"12T","Stephen Jackson",31,"TOT",0,1,1230,0.001,81,38.6,20.6,5,3.7,1.6,0.5,0.423,0.328,0.779,5,0.077,2010,"jacksst02",6305,3285,0.099517137,0.543444002,0.642961139,5.789096478,5.778312906,0.010783572,0.541407481,0.783313212,1.324720693,1.133895174
"167",168,"12T","Joe Johnson",28,"ATL",0,1,1230,0.001,76,38,21.3,4.6,4.9,1.1,0.1,0.458,0.369,0.818,8.4,0.14,2010,"johnsjo02",6275,3326,3.689122893,-1.761805638,1.927317255,7.880368715,7.564643302,0.315725414,3.808736201,-1.34222932,2.466506881,-0.373828962
"168",169,"1","Derrick Rose",22,"CHI",113,1182,1210,0.977,81,37.4,25,4.1,7.7,1,0.6,0.445,0.332,0.858,13.1,0.208,2011,"rosede01",6952,3675,5.296784415,-0.293385307,5.003399109,14.54526589,12.03425508,2.511010812,5.470552,-0.208708644,5.261843357,-0.404640451
"169",170,"2","Dwight Howard",25,"ORL",3,643,1210,0.531,78,37.6,22.9,14.1,1.4,1.4,2.4,0.593,0,0.596,14.4,0.235,2011,"howardw01",6112,3193,1.060005383,5.117279355,6.177284738,14.55860261,13.64389718,0.914705429,1.389414195,4.831579786,6.220993981,0.016591126
"170",171,"3","LeBron James",26,"MIA",4,522,1210,0.431,79,38.8,26.7,7.5,7,1.6,0.6,0.51,0.33,0.759,15.6,0.244,2011,"jamesle01",7544,3985,6.041355599,1.546103098,7.587458697,21.08700843,16.49667462,4.590333809,6.311465546,1.520262568,7.831728114,-0.219552029
"171",172,"4","Kobe Bryant",32,"LAL",1,428,1210,0.354,82,33.9,25.3,5.1,4.7,1.2,0.1,0.451,0.323,0.828,10.3,0.178,2011,"bryanko01",5956,3133,4.484788891,-1.163196222,3.32159267,9.724589763,8.869805536,0.854784227,4.842079455,-0.985619088,3.856460367,0.065718577
"172",173,"5","Kevin Durant",22,"OKC",0,190,1210,0.157,78,38.9,27.7,6.8,2.7,1.1,1,0.462,0.35,0.88,12,0.189,2011,"duranke01",7316,3760,4.70705596,-0.469041773,4.238014187,13.48756289,10.27843917,3.209123721,4.988132756,-0.443578242,4.544554514,-0.197778363
"173",174,"6","Dirk Nowitzki",32,"DAL",0,113,1210,0.093,73,34.3,23,7,2.6,0.5,0.6,0.517,0.393,0.892,11.1,0.213,2011,"nowitdi01",6325,3330,4.241465123,1.906615135,6.148080257,15.1640799,11.1110065,4.053073399,4.178250187,1.572129367,5.750379554,-0.527227057
"174",175,"7","Dwyane Wade",29,"MIA",0,24,1210,0.02,76,37.1,25.5,6.4,4.6,1.5,1.1,0.5,0.306,0.758,12.8,0.218,2011,"wadedw01",6913,3651,5.608767498,1.208391006,6.817158504,17.94149273,13.56792518,4.373567552,5.733381979,1.438759395,7.172141374,-0.116533519
"175",177,"9","Amar'e Stoudemire",28,"NYK",0,9,1210,0.007,78,36.8,25.3,8.2,2.6,0.9,1.9,0.502,0.435,0.792,8,0.134,2011,"stoudam01",6041,3004,0.379330681,-1.84257205,-1.463241369,1.930809824,2.361112609,-0.430302785,0.839997697,-1.459355284,-0.619357587,-0.395565011
"176",178,"10T","Blake Griffin",21,"LAC",0,5,1210,0.004,82,38,22.5,12.1,3.8,0.8,0.5,0.506,0.292,0.642,9.8,0.152,2011,"griffbl01",6086,3112,1.684324409,0.411364967,2.095689376,7.661477392,7.661477392,0,1.641411443,0.69227674,2.333688183,-0.39039318
"177",179,"10T","Rajon Rondo",24,"BOS",0,5,1210,0.004,68,37.2,10.6,4.4,11.2,2.3,0.2,0.475,0.233,0.568,6.6,0.126,2011,"rondora01",5462,2872,1.928382655,1.880777919,3.809160575,9.561271133,8.785548359,0.775722774,1.965620973,2.03695444,4.002575414,-0.657251439
"178",180,"12","Tony Parker",28,"SAS",0,3,1210,0.002,78,32.4,17.5,3.1,6.6,1.2,0,0.519,0.357,0.769,8.2,0.156,2011,"parketo01",5340,2749,1.92811357,0.321364919,2.249478489,6.97391753,6.740982106,0.232935424,1.978517964,0.402481975,2.380999939,-0.511285662
"179",181,"13","Chris Paul",25,"NOH",0,2,1210,0.002,80,36,15.9,4.1,9.8,2.4,0.1,0.463,0.388,0.878,13.9,0.232,2011,"paulch01",5832,3130,6.665403171,2.383542793,9.048945964,18.82118457,17.09198892,1.729195656,6.315340884,3.117851109,9.433191993,-0.391306995
"180",182,"1","LeBron James",27,"MIA",85,1074,1210,0.888,62,37.5,27.1,7.9,6.2,1.9,0.8,0.531,0.362,0.771,14.5,0.298,2012,"jamesle01",6293,3309,7.897845729,2.09039534,9.988241069,21.64944658,14.64251251,7.006934064,7.896980707,1.868152192,9.7651329,-0.364794159
"181",183,"2","Kevin Durant",23,"OKC",24,889,1210,0.735,66,38.6,28,8,3.5,1.3,1.2,0.496,0.387,0.86,12.2,0.23,2012,"duranke01",6588,3383,5.218257159,0.134707641,5.3529648,14.10970636,9.951093401,4.158612959,5.629979481,0.13316777,5.763147251,-0.113089413
"182",184,"3","Chris Paul",26,"LAC",6,385,1210,0.318,60,36.4,19.8,3.6,9.1,2.5,0.1,0.478,0.371,0.861,12.7,0.278,2012,"paulch01",4892,2604,7.315335464,1.771082973,9.086418437,15.7497336,14.16328005,1.586453547,7.245040243,2.520363865,9.765404108,-0.088956975
"183",185,"4","Kobe Bryant",33,"LAL",2,352,1210,0.291,58,38.5,27.9,5.4,4.6,1.2,0.3,0.43,0.303,0.845,6.2,0.132,2012,"bryanko01",5152,2708,3.318463652,-0.714734166,2.603729486,7.45844328,5.696979211,1.761464069,3.794936938,-0.387644305,3.407292633,0.015941461
"184",186,"5","Tony Parker",29,"SAS",4,331,1210,0.274,60,32.1,18.3,2.9,7.7,1,0.1,0.48,0.23,0.799,7.1,0.177,2012,"parketo01",4750,2429,3.854630474,1.241912013,5.096542488,9.705525504,7.850905504,1.85462,3.889174519,1.061178159,4.950352678,-0.695249398
"185",187,"6","Kevin Love",23,"MIN",0,58,1210,0.048,55,39,26,13.3,2,0.9,0.5,0.448,0.372,0.824,10,0.223,2012,"loveke01",4217,2145,5.148193527,-0.121748892,5.026444636,8.473368843,8.473368843,0,5.297640155,0.579650198,5.877290353,-0.401603665
"186",188,"7","Dwight Howard",26,"ORL",0,13,1210,0.011,54,38.3,20.6,14.5,1.9,1.5,2.1,0.573,0,0.491,7.7,0.179,2012,"howardw01",3882,2070,-0.298883,4.690059134,4.391176134,7.556445782,7.556445782,0,0.287981091,4.638162591,4.926143682,0.178161564
"187",189,"8","Rajon Rondo",25,"BOS",0,12,1210,0.01,53,36.9,11.9,4.8,11.7,1.8,0.1,0.448,0.238,0.597,4.9,0.121,2012,"rondora01",5227,2767,2.874384349,1.432791889,4.307176238,10.05799803,5.954518979,4.103479055,2.81978331,1.674701631,4.49448494,-0.544042742
"188",190,"9","Steve Nash",37,"PHO",0,7,1210,0.006,62,31.6,12.5,3,10.7,0.6,0.1,0.532,0.39,0.894,5.9,0.144,2012,"nashst01",3827,1961,5.021989062,-1.205816978,3.816172084,6.492730438,6.492730438,0,4.408024782,-1.889583593,2.518441189,-1.078766914
"189",191,"10","Dwyane Wade",30,"MIA",0,6,1210,0.005,49,33.2,22.1,4.8,4.6,1.7,1.3,0.497,0.268,0.791,7.7,0.227,2012,"wadedw01",4805,2532,4.299322523,2.442983368,6.742305891,12.34222149,8.295466567,4.046754924,4.408232022,2.397469292,6.805701314,-0.19827165
"190",192,"11","Derrick Rose",23,"CHI",0,5,1210,0.004,39,35.3,21.8,3.4,7.9,0.9,0.7,0.435,0.312,0.812,6,0.211,2012,"rosede01",2651,1412,5.043827737,-0.037372176,5.006455561,5.563450453,5.420996333,0.14245412,5.197645597,-0.10170084,5.095944757,-0.472799784
"191",193,"12T","Dirk Nowitzki",33,"DAL",0,4,1210,0.003,62,33.5,21.6,6.7,2.2,0.7,0.5,0.457,0.368,0.896,7.6,0.175,2012,"nowitdi01",4298,2233,2.44098183,0.348885419,2.789867248,6.305778016,5.887256008,0.418522008,2.401078675,0.284666638,2.685745313,-0.265286559
"192",194,"12T","Russell Westbrook",23,"OKC",0,4,1210,0.003,66,35.3,23.6,4.6,5.5,1.7,0.3,0.457,0.316,0.823,7.9,0.163,2012,"westbru01",6032,3098,4.427224611,0.114132545,4.541357157,11.61815952,8.508281841,3.10987768,5.022908637,0.524944713,5.54785335,-0.03944713
"193",195,"14","Tim Duncan",35,"SAS",0,3,1210,0.002,58,28.2,15.4,9,2.3,0.7,1.5,0.492,0,0.695,5.9,0.174,2012,"duncati01",4101,2097,0.458033572,4.411248989,4.869282561,8.145940835,5.95339,2.192550834,0.95557168,3.751778095,4.707349775,-0.824534091
"194",196,"15","Joe Johnson",30,"ATL",0,1,1210,0.001,60,35.5,18.8,3.7,3.9,0.8,0.2,0.454,0.388,0.849,6.4,0.145,2012,"johnsjo02",4493,2370,3.020896118,-1.025442592,1.995453527,5.717804426,5.304919002,0.412885423,2.9597538,-0.904474848,2.055278951,-0.427343079
"195",197,"1","LeBron James",28,"MIA",120,1207,1210,0.998,76,37.9,26.8,8,7.3,1.7,0.9,0.565,0.406,0.753,19.3,0.322,2013,"jamesle01",7265,3837,8.529732991,1.092302181,9.622035172,24.21956155,18.43211,5.787451547,8.668272788,1.078147967,9.746420755,-0.614577772
"196",198,"2","Kevin Durant",24,"OKC",0,765,1210,0.632,81,38.5,28.1,7.9,4.6,1.4,1.3,0.51,0.416,0.905,18.9,0.291,2013,"duranke01",7080,3604,6.510810064,1.030344845,7.541154908,18.88967471,16.55871957,2.330955138,6.518218092,0.834939125,7.353157217,-0.498705203
"197",199,"3","Carmelo Anthony",28,"NYK",1,475,1210,0.393,67,37,28.7,6.9,2.6,0.8,0.5,0.449,0.379,0.83,9.5,0.184,2013,"anthoca01",5575,2963,3.717960149,-2.082130046,1.635830103,6.619643742,6.362543303,0.257100439,4.352629501,-1.626877025,2.725752476,0.203158611
"198",200,"4","Chris Paul",27,"LAC",0,289,1210,0.239,70,33.4,16.9,3.7,9.7,2.4,0.1,0.481,0.328,0.885,13.9,0.287,2013,"paulch01",4898,2559,8.042483558,1.289291219,9.331774777,15.78194504,14.3301268,1.451818238,7.819233624,2.108363371,9.927596995,-0.219603224
"199",201,"5","Kobe Bryant",34,"LAL",0,184,1210,0.152,78,38.6,27.3,5.6,6,1.4,0.3,0.463,0.324,0.839,10.9,0.174,2013,"bryanko01",5994,3013,4.942640271,-0.860711908,4.081928363,10.50343212,10.50343212,0,4.885836913,-0.567189954,4.318646959,0.010364256
"200",202,"6","Tony Parker",30,"SAS",0,86,1210,0.071,66,32.9,20.3,3,7.6,0.8,0.1,0.522,0.353,0.845,9.3,0.206,2013,"parketo01",5759,2939,3.94714723,-0.19779406,3.749353169,9.742964022,7.042240226,2.700723796,3.661414114,-0.090833811,3.570580303,-0.851779808
"201",203,"7","Tim Duncan",36,"SAS",0,65,1210,0.054,69,30.1,17.8,9.9,2.7,0.7,2.7,0.502,0.286,0.817,8.3,0.191,2013,"duncati01",5513,2813,0.009170689,4.409473141,4.418643831,10.25310465,7.587979538,2.665125114,0.398995974,3.670651651,4.069647625,-1.012299307
"202",204,"8","James Harden",23,"HOU",0,33,1210,0.027,78,38.3,25.9,4.9,5.8,1.8,0.5,0.438,0.368,0.851,12.8,0.206,2013,"hardeja01",6531,3228,5.286034182,-0.760075146,4.525959036,12.01280338,11.26694224,0.745861133,5.362054635,-0.315486471,5.046568164,0.078354501
"203",205,"9","Russell Westbrook",24,"OKC",0,9,1210,0.007,82,34.9,23.2,5.2,7.4,1.8,0.3,0.438,0.323,0.8,11.6,0.195,2013,"westbru01",5758,2929,5.328726834,0.880025922,6.208752756,13.39910635,13.0153167,0.383789647,5.934396652,1.233395923,7.167792575,-0.008576876
"204",206,"10","Dwyane Wade",31,"MIA",0,5,1210,0.004,69,34.7,21.2,5,5.1,1.9,0.8,0.521,0.258,0.725,9.6,0.192,2013,"wadedw01",6009,3173,3.042603948,1.625155942,4.66775989,12.01830071,9.665333321,2.352967393,3.243893389,1.642375582,4.886268971,-0.305724667
"205",207,"11","Stephen Curry",24,"GSW",0,3,1210,0.002,78,38.2,22.9,4,6.9,1.6,0.2,0.451,0.453,0.9,11.2,0.18,2013,"curryst01",6924,3480,5.322087718,-0.039084186,5.283003532,14.30827478,11.95157654,2.356698238,5.595118505,0.612572555,6.207691059,-0.181556155
"206",208,"12T","Kevin Garnett",36,"BOS",0,1,1210,0.001,68,29.7,14.8,7.8,2.3,1.1,0.9,0.496,0.125,0.786,5.6,0.133,2013,"garneke01",4296,2234,-2.393440278,4.575872212,2.182431933,5.639391574,4.897706439,0.741685135,-2.053596452,4.047815678,1.994219226,-0.248567873
"207",209,"12T","Marc Gasol",28,"MEM",0,1,1210,0.001,80,35,14.1,7.8,4,1,1.7,0.494,0.071,0.848,11.5,0.197,2013,"gasolma01",6342,3405,0.731020976,4.374109168,5.105130143,13.63509623,11.29743205,2.337664177,0.691299238,4.012850374,4.704149611,-0.559107702
"208",210,"12T","Ty Lawson",25,"DEN",0,1,1210,0.001,73,34.4,16.7,2.7,6.9,1.5,0.1,0.461,0.366,0.756,7.4,0.141,2013,"lawsoty01",5519,2749,2.875279624,-1.696313209,1.178966415,5.509985323,4.813092966,0.696892357,2.952736417,-1.089957673,1.862778744,-0.290096464
"209",211,"12T","David Lee",29,"GSW",0,1,1210,0.001,79,36.8,18.5,11.2,3.5,0.8,0.3,0.519,0,0.797,9.1,0.15,2013,"leeda02",5918,2972,0.586489546,0.336101006,0.922590553,5.543378874,5.500801166,0.042577707,0.647862647,0.571172067,1.219034714,-0.442775737
"210",212,"12T","Joakim Noah",27,"CHI",0,1,1210,0.001,66,36.8,11.9,11.1,4,1.2,2.1,0.481,0,0.751,7.3,0.145,2013,"noahjo01",5318,2835,-0.9675623,3.967193775,2.999631474,8.249325739,7.619611844,0.629713895,-0.741161179,3.579034068,2.837872889,-0.814445825
"211",213,"1","Kevin Durant",25,"OKC",119,1232,1250,0.986,81,38.5,32,7.4,5.5,1.3,0.7,0.503,0.391,0.873,19.2,0.295,2014,"duranke01",7947,3937,7.126795864,-0.344671759,6.782124105,19.67229521,16.01043151,3.661863705,6.744789401,-0.22209284,6.522696561,2.148118458
"212",214,"2","LeBron James",29,"MIA",6,891,1250,0.713,77,37.7,27.1,6.9,6.3,1.6,0.3,0.567,0.379,0.75,15.9,0.264,2014,"jamesle01",7021,3665,6.04747012,-0.86615335,5.181316771,15.10110379,10.89070513,4.210398659,6.735017224,-1.01670783,5.718309394,0.595965508
"213",215,"3","Blake Griffin",24,"LAC",0,434,1250,0.347,80,35.8,24.1,9.5,3.9,1.2,0.6,0.528,0.273,0.715,12.2,0.205,2014,"griffbl01",6739,3341,2.997118469,0.382859115,3.379977583,10.53359876,8.744554717,1.78904404,3.392660153,1.244756319,4.637416472,0.307184717
"214",216,"4","Joakim Noah",28,"CHI",0,322,1250,0.258,80,35.3,12.6,11.3,5.4,1.2,1.5,0.475,0,0.737,11.2,0.19,2014,"noahjo01",5720,3030,1.184290947,4.533858448,5.718149395,13.04581501,12.46159028,0.58422473,0.908143454,4.824594211,5.732737664,-0.335474041
"215",217,"5","James Harden",24,"HOU",0,85,1250,0.068,73,38,25.4,4.7,6.1,1.6,0.4,0.456,0.366,0.866,12.8,0.221,2014,"hardeja01",6169,3040,6.483479148,-0.090144979,6.393334169,14.4167402,12.6494538,1.767286406,5.806108643,0.41474649,6.220855134,1.123658293
"216",218,"6","Stephen Curry",25,"GSW",0,66,1250,0.053,78,36.5,24,4.3,8.5,1.6,0.2,0.471,0.424,0.885,13.4,0.225,2014,"curryst01",6419,3142,7.758268647,0.522739763,8.281008411,18.14294257,16.09322437,2.049718199,7.759047461,1.062668761,8.821716221,2.177092117
"217",219,"7","Chris Paul",28,"LAC",0,45,1250,0.036,62,35,19.1,4.3,10.7,2.5,0.1,0.467,0.368,0.855,12.2,0.27,2014,"paulch01",5387,2643,7.723907354,3.6684386,11.39234595,19.27121673,15.30220204,3.969014693,7.213998077,4.203061756,11.41705983,0.370430902
"218",220,"8","Al Jefferson",29,"CHA",0,34,1250,0.027,73,35,21.8,10.8,2.1,0.9,1.1,0.509,0.2,0.69,7.8,0.146,2014,"jeffeal01",5168,2659,-0.626954433,1.88079903,1.253844597,5.390809652,5.202659857,0.188149795,-1.30667775,2.090989885,0.784312135,-0.806759413
"219",221,"9","Paul George",23,"IND",0,33,1250,0.026,80,36.2,21.7,6.8,3.5,1.9,0.3,0.424,0.364,0.864,10.8,0.178,2014,"georgpa01",7086,3679,2.969863372,3.033285771,6.003149143,16.70974488,12.44134378,4.268401103,2.603735833,3.894675454,6.498411287,0.729559527
"220",222,"10","LaMarcus Aldridge",28,"POR",0,26,1250,0.021,69,36.2,23.2,11.1,2.6,0.9,1,0.458,0.2,0.822,7.5,0.144,2014,"aldrila01",5862,2939,1.433515593,2.326357965,3.759873558,9.746017938,7.721583795,2.024434143,2.024422056,2.497569684,4.521991741,-0.847995158
"221",223,"11","Kevin Love",25,"MIN",0,25,1250,0.02,77,36.3,26.1,12.5,4.4,0.8,0.5,0.457,0.376,0.821,14.3,0.245,2014,"loveke01",5854,2797,5.681616554,0.884102594,6.565719148,13.57725105,13.57725105,0,5.988344167,1.029530669,7.017874836,2.045064673
"222",224,"12T","Tim Duncan",37,"SAS",0,21,1250,0.017,74,29.2,15.1,9.7,3,0.6,1.9,0.49,0,0.731,7.4,0.164,2014,"duncati01",5764,2910,-0.492345586,2.747567924,2.255222338,7.489080481,4.953277252,2.535803229,-0.309690202,2.981612623,2.67192242,-0.286517867
"223",225,"12T","Tony Parker",31,"SAS",0,21,1250,0.017,68,29.4,16.7,2.3,5.7,0.5,0.1,0.499,0.373,0.811,5.9,0.141,2014,"parketo01",5407,2716,0.86210598,-0.977845265,-0.115739285,3.644456823,2.671349727,0.973107096,0.049189082,-0.510575185,-0.461386103,-0.913523652
"224",226,"14","Dirk Nowitzki",35,"DAL",0,7,1250,0.006,80,32.9,21.7,6.2,2.7,0.9,0.6,0.497,0.398,0.899,10.9,0.199,2014,"nowitdi01",5793,2891,3.93169125,0.261370689,4.193061939,10.23313932,10.0573137,0.17582562,5.124266692,0.539025386,5.663292079,0.000699376
"225",227,"15","Carmelo Anthony",29,"NYK",0,4,1250,0.003,77,38.7,27.4,8.1,3.1,1.2,0.7,0.452,0.402,0.848,10.7,0.172,2014,"anthoca01",5675,2982,4.174904921,-0.390214473,3.784690448,9.860994962,9.860994962,0,4.665614182,-0.402147248,4.263466934,-0.781350262
"226",229,"17","Mike Conley",26,"MEM",0,1,1250,0.001,73,33.5,17.2,2.9,6,1.5,0.2,0.45,0.361,0.815,8.2,0.161,2014,"conlemi01",5150,2713,3.167861962,0.195684697,3.363546659,8.401862121,8.112315241,0.28954688,2.812192687,1.296289301,4.108481987,-0.794102797
"227",230,"1","Stephen Curry",26,"GSW",100,1198,1300,0.922,80,32.7,23.8,4.3,7.7,2,0.2,0.487,0.443,0.914,15.7,0.288,2015,"curryst01",7192,3439,8.600890397,2.437371187,11.03826158,25.08987314,19.91478519,5.175087958,8.787714967,2.657046848,11.44476181,3.130308659
"228",231,"2","James Harden",25,"HOU",25,936,1300,0.72,81,36.8,27.4,5.7,7,1.9,0.7,0.44,0.375,0.868,16.4,0.265,2015,"hardeja01",7440,3617,7.738230976,-0.234725231,7.503505746,19.32520438,16.12853216,3.196672225,7.13271461,0.400571086,7.533285696,1.519191104
"229",232,"3","LeBron James",30,"CLE",5,552,1300,0.425,69,36.1,25.3,6,7.4,1.6,0.7,0.488,0.354,0.71,10.4,0.199,2015,"jamesle01",6494,3337,4.844198435,0.166578199,5.010776634,13.31294722,10.08546782,3.227479404,5.996404447,-0.461317608,5.535086839,0.024679455
"230",233,"4","Russell Westbrook",26,"OKC",0,352,1300,0.271,67,34.4,28.1,7.3,8.6,2.1,0.2,0.426,0.299,0.835,10.6,0.222,2015,"westbru01",4759,2302,6.093559789,-0.487868576,5.605691214,10.11974092,10.11974092,0,6.239868745,-0.201795156,6.038073588,2.991530285
"231",234,"5","Anthony Davis",21,"NOP",0,203,1300,0.156,68,36.1,24.4,10.2,2.2,1.5,2.9,0.535,0.083,0.805,14,0.274,2015,"davisan02",5116,2627,3.840856691,4.708205134,8.549061825,15.16301555,14.52595491,0.637060637,4.356446626,4.731154488,9.087601114,-0.059946736
"232",235,"6","Chris Paul",29,"LAC",0,124,1300,0.095,82,34.8,19.1,4.6,10.2,1.9,0.2,0.485,0.398,0.9,16.1,0.27,2015,"paulch01",6633,3302,8.557501318,2.111893393,10.66939471,22.6091422,19.41801466,3.191127548,8.772725388,2.137895807,10.91062119,-0.393642907
"233",236,"7","LaMarcus Aldridge",29,"POR",0,6,1300,0.005,71,35.4,23.4,10.2,1.7,0.7,1,0.466,0.352,0.845,8.6,0.165,2015,"aldrila01",5385,2720,2.278443308,1.637708536,3.916151844,9.152786751,8.937972946,0.214813805,2.261604978,1.658809376,3.920414354,-0.937202974
"234",237,"8T","Marc Gasol",30,"MEM",0,3,1300,0.002,81,33.2,17.4,7.8,3.8,0.9,1.6,0.494,0.176,0.795,10.2,0.182,2015,"gasolma01",6027,3103,1.357467162,2.951834991,4.309302153,11.18160504,9.26124156,1.920363479,1.190276733,2.794489722,3.984766455,-0.421258497
"235",238,"8T","Blake Griffin",25,"LAC",0,3,1300,0.002,67,35.2,21.9,7.6,5.3,0.9,0.5,0.502,0.4,0.728,9,0.183,2015,"griffbl01",5863,2913,3.288511092,-0.267539158,3.020971934,8.663354119,5.710721338,2.952632782,3.448330688,0.24572859,3.694059277,0.405686116
"236",239,"10T","Tim Duncan",38,"SAS",0,1,1300,0.001,77,28.9,13.9,9.1,3,0.8,2,0.512,0.286,0.74,9.6,0.207,2015,"duncati01",4895,2477,0.356223139,3.399775037,3.755998176,8.215443114,6.849059755,1.366383359,0.195692026,4.114111801,4.309803827,-0.526212504
"237",240,"10T","Kawhi Leonard",23,"SAS",0,1,1300,0.001,64,31.8,16.5,7.2,2.5,2.3,0.8,0.479,0.349,0.802,8.6,0.204,2015,"leonaka01",4539,2283,3.444919181,4.774206859,8.21912604,12.85468151,12.1137221,0.740959409,2.920704931,5.684152256,8.604857186,0.440937212
"238",241,"10T","Klay Thompson",24,"GSW",0,1,1300,0.001,77,31.9,21.7,3.2,2.9,1.1,0.8,0.463,0.439,0.879,8.8,0.172,2015,"thompkl01",6643,3216,4.020361765,0.512033989,4.532395754,12.05876216,10.25668225,1.802079912,4.330160793,0.614944941,4.945105734,0.773957109
"239",242,"1","Stephen Curry",27,"GSW",131,1310,1310,1,79,34.2,30.1,5.4,6.7,2.1,0.2,0.504,0.454,0.908,17.9,0.318,2016,"curryst01",7053,3314,10.37941079,2.108447237,12.48785802,26.66687277,23.659318,3.007554769,10.63510267,2.712822358,13.34792503,3.306111347
"240",243,"2","Kawhi Leonard",24,"SAS",0,634,1310,0.484,72,33.1,21.2,6.8,2.6,1.8,1,0.506,0.443,0.874,13.7,0.277,2016,"leonaka01",5365,2719,5.128249918,4.72471971,9.852969628,17.48094634,15.5292184,1.951727945,4.457200233,5.625612492,10.08281272,-0.31116351
"241",244,"3","LeBron James",31,"CLE",0,631,1310,0.482,76,35.6,25.3,7.4,6.8,1.4,0.6,0.52,0.309,0.731,13.6,0.242,2016,"jamesle01",6903,3531,5.950621766,2.20491096,8.155532726,19.87012916,14.18284805,5.687281113,6.752874122,1.562957414,8.315831536,0.17926838
"242",245,"4","Russell Westbrook",27,"OKC",0,486,1310,0.371,80,34.4,23.5,7.8,10.4,2,0.3,0.454,0.296,0.812,14,0.245,2016,"westbru01",7029,3424,6.633779622,-0.039164003,6.594615619,16.76282181,13.08630521,3.676516597,7.496763214,0.64722324,8.143986454,1.908340473
"243",246,"5","Kevin Durant",27,"OKC",0,147,1310,0.112,72,35.8,28.2,8.2,5,1,1.2,0.505,0.387,0.898,14.5,0.27,2016,"duranke01",6806,3304,5.486769318,-0.038940584,5.447828734,14.0972277,11.99072663,2.106501071,6.468028833,-0.53285325,5.935175584,1.66821334
"244",247,"6","Chris Paul",30,"LAC",0,107,1310,0.082,74,32.7,19.5,4.2,10,2.1,0.2,0.462,0.371,0.896,12.7,0.253,2016,"paulch01",5181,2545,7.703586245,1.597344496,9.300930741,15.67830579,14.55487191,1.123433879,6.699794602,2.694291932,9.394086534,-0.042852933
"245",248,"7","Draymond Green",25,"GSW",0,50,1310,0.038,81,34.7,14,9.5,7.4,1.5,1.4,0.49,0.388,0.696,11.1,0.19,2016,"greendr01",7778,3687,3.934409872,5.42306048,9.357470351,23.47049432,17.81742403,5.653070287,4.266894103,5.817697455,10.08459156,2.247663618
"246",249,"8","Damian Lillard",25,"POR",0,26,1310,0.02,75,35.7,25.1,4,6.8,0.9,0.4,0.419,0.375,0.892,9.2,0.165,2016,"lillada01",6398,3113,4.874919997,-2.15398492,2.720935077,8.839456747,7.869893978,0.969562769,5.426271646,-1.769536533,3.656735113,1.347375064
"247",250,"9","James Harden",26,"HOU",0,9,1310,0.007,82,38.1,29,6.1,7.5,1.7,0.6,0.439,0.359,0.86,13.3,0.204,2016,"hardeja01",6830,3318,5.558317072,-0.702623217,4.855693855,13.07827062,12.60331022,0.474960397,6.106995627,-0.246403593,5.860592034,1.437309782
"248",251,"10","Kyle Lowry",29,"TOR",0,6,1310,0.005,77,37,21.2,4.7,6.4,2.1,0.4,0.427,0.388,0.811,11.6,0.196,2016,"lowryky01",7003,3617,5.328884573,0.430835965,5.759720538,15.81697712,12.44125634,3.375720781,5.828236164,1.279716369,7.107952533,0.078721998
"249",252,"1","Russell Westbrook",28,"OKC",69,888,1010,0.879,81,34.6,31.6,10.7,10.4,1.6,0.4,0.425,0.343,0.845,13.1,0.224,2017,"westbru01",6264,2996,7.791657242,-0.94793859,6.843718652,15.30663628,13.8163326,1.490303683,7.872540873,-0.81970764,7.052833233,3.996917061
"250",253,"2","James Harden",27,"HOU",22,753,1010,0.746,81,36.4,29.1,8.1,11.2,1.5,0.5,0.44,0.347,0.847,15,0.245,2017,"hardeja01",7045,3354,7.364581285,-0.250961985,7.1136193,17.34394892,15.19910181,2.144847116,8.326291683,-0.432955713,7.893335969,2.325775384
"251",254,"3","Kawhi Leonard",25,"SAS",9,500,1010,0.495,74,33.4,25.5,5.8,3.5,1.8,0.7,0.485,0.38,0.88,13.6,0.264,2017,"leonaka01",5697,2903,7.299944462,1.992527567,9.292472029,17.94142241,13.91095985,4.030462562,7.134683934,2.588202046,9.722885979,-0.328174785
"252",255,"4","LeBron James",32,"CLE",1,333,1010,0.33,74,37.8,26.4,8.6,8.7,1.2,0.6,0.548,0.363,0.674,12.9,0.221,2017,"jamesle01",7141,3538,6.900985062,0.909672538,7.8106576,19.20976936,13.4209829,5.788786461,7.572999164,0.620449289,8.193448453,-0.014072873
"253",256,"5","Isaiah Thomas",27,"BOS",0,81,1010,0.08,76,33.8,28.9,2.7,5.9,0.9,0.2,0.463,0.379,0.909,12.5,0.234,2017,"thomais02",6299,3090,7.505316284,-3.309829879,4.195486405,11.05819682,9.831910381,1.22628644,7.490776419,-3.103064674,4.387711745,0.822528016
"254",257,"6","Stephen Curry",28,"GSW",0,52,1010,0.051,79,33.4,25.3,4.5,6.6,1.8,0.2,0.468,0.411,0.898,12.6,0.229,2017,"curryst01",6963,3239,9.3086844,-0.095877228,9.212807172,20.65330419,15.61961184,5.033692354,9.791555296,0.593993192,10.38554849,3.58154952
"255",258,"7T","Giannis Antetokounmpo",22,"MIL",0,7,1010,0.007,80,35.6,22.9,8.8,5.4,1.6,1.9,0.521,0.272,0.77,12.4,0.21,2017,"antetgi01",6099,3088,2.777291823,2.459825128,5.237116952,12.5596554,11.32471852,1.234936887,2.425837849,2.761251381,5.18708923,-0.555307846
"256",259,"7T","John Wall",26,"WAS",0,7,1010,0.007,78,36.4,23.1,4.2,10.7,2,0.6,0.451,0.327,0.801,8.8,0.149,2017,"walljo01",6914,3343,4.591815723,-1.496651871,3.095163851,10.12952212,9.299071052,0.830451065,4.584201304,-1.352798224,3.23140308,1.402111043
"257",260,"9T","Anthony Davis",23,"NOP",0,2,1010,0.002,75,36.1,28,11.8,2.1,1.3,2.2,0.505,0.299,0.802,11,0.195,2017,"davisan02",5582,2708,0.581632221,4.449178164,5.030810385,10.80842731,10.80842731,0,0.996587349,3.822936391,4.819523739,0.531888178
"258",261,"9T","Kevin Durant",28,"GSW",0,2,1010,0.002,62,33.4,25.1,8.3,4.8,1.1,1.6,0.537,0.375,0.875,12,0.278,2017,"duranke01",5560,2603,5.932598547,1.140458288,7.073056834,13.28639377,10.2604669,3.025926871,6.509853533,0.999282444,7.509135978,1.08670657
"259",262,"11","DeMar DeRozan",27,"TOR",0,1,1010,0.001,74,35.4,27.3,5.2,3.9,1.1,0.2,0.467,0.266,0.842,9,0.166,2017,"derozde01",5986,2993,2.101773017,-1.921425406,0.180347612,4.455533563,4.275640209,0.179893354,1.501122895,-2.066467036,-0.565344142,-0.29556092
"260",263,"1","James Harden",28,"HOU",86,965,1010,0.955,72,35.4,30.4,5.4,8.8,1.8,0.7,0.449,0.367,0.858,15.4,0.289,2018,"hardeja01",6466,3172,8.750964733,1.316804158,10.06776889,20.926163,17.04801522,3.878147774,9.434385409,1.615118522,11.04950393,0.33152835
"261",264,"2","LeBron James",33,"CLE",15,738,1010,0.731,82,36.9,27.5,8.6,9.1,1.4,0.9,0.542,0.367,0.731,14,0.221,2018,"jamesle01",8026,3948,7.460088031,-1.69261119,5.767476841,17.41171994,12.40925444,5.002465496,7.352104443,-1.993953373,5.35815107,0.334744526
"262",265,"3","Anthony Davis",24,"NOP",0,445,1010,0.441,75,36.4,28.1,11.1,2.3,1.5,2.6,0.534,0.34,0.828,13.7,0.241,2018,"davisan02",6612,3085,1.259732435,4.00413267,5.263865105,12.81229307,11.42556453,1.386728543,2.816365178,3.89101738,6.707382558,1.217603945
"263",266,"4","Damian Lillard",27,"POR",0,207,1010,0.205,73,36.6,26.9,4.5,6.6,1.1,0.4,0.439,0.361,0.916,12.6,0.227,2018,"lillada01",5822,2832,6.154617221,-0.127381373,6.027235848,12.80760241,13.2590347,-0.451432285,5.593193973,0.252009193,5.845203166,0.882390274
"264",267,"5","Russell Westbrook",29,"OKC",0,76,1010,0.075,80,36.4,25.4,10.1,10.3,1.8,0.3,0.449,0.298,0.737,10.1,0.166,2018,"westbru01",6533,3149,4.340246175,0.089066673,4.429312848,11.84140355,12.03068184,-0.189278287,5.306684705,0.349725804,5.65641051,2.941962282
"265",268,"6","Giannis Antetokounmpo",23,"MIL",0,75,1010,0.074,75,36.7,26.9,10,4.8,1.5,1.4,0.529,0.307,0.76,11.9,0.207,2018,"antetgi01",6150,3036,3.30536437,2.243495851,5.548860221,12.90944367,11.79136734,1.118076325,3.715594159,2.142812885,5.858407045,0.200071296
"266",269,"7","Kevin Durant",29,"GSW",0,66,1010,0.065,68,34.2,26.4,6.8,5.4,0.7,1.8,0.516,0.419,0.889,10.4,0.215,2018,"duranke01",6604,3132,5.897184335,-0.737240414,5.159943921,12.96123894,8.363156274,4.598082668,6.37826714,-0.972172861,5.406094278,1.158072934
"267",270,"8","DeMar DeRozan",28,"TOR",0,32,1010,0.032,80,33.9,23,3.9,5.2,1.1,0.3,0.456,0.31,0.825,9.6,0.17,2018,"derozde01",6336,3065,3.436636552,-2.129783552,1.306852999,6.305071965,7.007218212,-0.702146247,3.252800173,-1.918066963,1.33473321,0.509792875
"268",271,"9","LaMarcus Aldridge",32,"SAS",0,6,1010,0.006,75,33.5,23.1,8.5,2,0.6,1.2,0.51,0.293,0.837,10.9,0.209,2018,"aldrila01",5298,2686,2.59819016,1.373438861,3.971629021,9.076819119,8.582586812,0.494232307,2.411605111,1.564133205,3.975738315,-1.593152487
"269",272,"10T","Jimmy Butler",28,"MIN",0,5,1010,0.005,59,36.7,22.2,5.3,4.9,2,0.4,0.474,0.35,0.854,8.9,0.198,2018,"butleji01",4651,2334,5.663651331,2.404066519,8.06771785,12.73994626,11.50387641,1.236069851,4.900383885,2.620150267,7.520534152,-1.414453831
"270",273,"10T","Stephen Curry",29,"GSW",0,5,1010,0.005,51,32,26.4,5.1,6.1,1.6,0.2,0.495,0.423,0.921,9.1,0.267,2018,"curryst01",4708,2186,8.057850212,-0.5001069,7.557743312,11.84730741,8.773362408,3.073945003,8.209617666,0.385208736,8.594826402,2.223310275
"271",274,"12","Joel Embiid",23,"PHI",0,4,1010,0.004,63,30.3,22.9,11,3.2,0.6,1.8,0.483,0.308,0.769,6.2,0.155,2018,"embiijo01",4602,2190,0.384851513,3.941477194,4.326328707,8.01277715,6.599080943,1.413696207,1.644562893,2.915353092,4.559915985,0.708299466
"272",275,"13","Victor Oladipo",25,"IND",0,2,1010,0.002,75,34,23.1,5.2,4.3,2.4,0.8,0.477,0.371,0.799,8.2,0.155,2018,"oladivi01",5715,2813,3.446562194,4.081618822,7.528181016,15.0540816,12.68972583,2.364355765,3.460814433,4.627401147,8.08821558,1.261716904
"273",276,"1","Giannis Antetokounmpo",24,"MIL",78,941,1010,0.932,72,32.8,27.7,12.5,5.9,1.3,1.5,0.578,0.256,0.729,14.4,0.292,2019,"antetgi01",6265,2872,3.881445468,2.925072159,6.806517627,14.26986143,11.5725334,2.697328023,4.297652052,2.786037377,7.083689429,1.319042463
"274",277,"2","James Harden",29,"HOU",23,776,1010,0.768,78,36.8,36.1,6.6,7.5,2,0.7,0.442,0.368,0.879,15.2,0.254,2019,"hardeja01",6728,3291,9.566047267,1.149233882,10.71528115,22.79136841,20.05794608,2.733422335,10.89313062,1.676178866,12.56930948,0.463844857
"275",278,"3","Paul George",28,"OKC",0,356,1010,0.352,77,36.9,28,8.2,4.1,2.2,0.4,0.438,0.386,0.839,11.9,0.201,2019,"georgpa01",6608,3045,5.333638945,4.206322803,9.539961748,19.41877202,17.38179887,2.036973153,5.070217389,4.890132742,9.96035013,1.265502347
"276",280,"5","Stephen Curry",30,"GSW",0,175,1010,0.173,69,33.8,27.3,5.3,5.2,1.3,0.4,0.472,0.437,0.916,9.7,0.199,2019,"curryst01",6820,3177,7.509478023,0.277037952,7.786515975,17.5661287,13.2637935,4.3023352,8.072135272,0.634772731,8.706908003,2.223996726
"277",281,"6","Damian Lillard",28,"POR",0,69,1010,0.068,80,35.5,25.8,4.6,6.9,1.1,0.4,0.444,0.369,0.912,12.1,0.205,2019,"lillada01",7316,3488,6.364833398,-0.762903153,5.601930245,15.00745276,13.34053237,1.666920386,6.579879462,-0.460805465,6.119073997,0.930902213
"278",282,"7","Joel Embiid",24,"PHI",0,49,1010,0.049,64,33.7,27.5,13.6,3.7,0.7,1.9,0.484,0.3,0.804,8.7,0.194,2019,"embiijo01",5350,2488,2.686678599,4.84082089,7.527499489,13.30610109,9.917043174,3.389057914,3.351387023,3.80082494,7.152211963,0.625009715
"279",283,"8","Kevin Durant",30,"GSW",0,25,1010,0.025,78,34.6,26,6.4,5.9,0.7,1.1,0.521,0.353,0.885,11.5,0.204,2019,"duranke01",6739,3144,5.22035192,-0.156450057,5.063901863,12.76032716,10.51977868,2.240548477,5.620111908,-0.650278813,4.969833095,1.176270116
"280",284,"9","Kawhi Leonard",27,"TOR",0,13,1010,0.013,60,34,26.6,7.3,3.3,1.8,0.4,0.496,0.371,0.854,9.5,0.224,2019,"leonaka01",6150,2979,5.729369444,0.899991488,6.629360932,14.47116267,8.479706749,5.991455926,6.133344118,1.565571717,7.698915835,-0.107517527
"281",285,"10","Russell Westbrook",30,"OKC",0,8,1010,0.008,73,36,22.9,11.1,10.7,1.9,0.5,0.428,0.29,0.656,6.8,0.124,2019,"westbru01",6169,2827,2.541995497,-1.110208199,1.431787298,6.142006009,7.063564579,-0.921558571,2.899443149,-0.202907048,2.696536101,2.660690074
"282",287,"11T","LeBron James",34,"LAL",0,1,1010,0.001,55,35.2,27.4,8.5,8.3,1.3,0.6,0.51,0.339,0.665,7.2,0.179,2019,"jamesle01",4202,1937,5.413270187,0.164745304,5.57801549,8.297431002,8.297431002,0,4.408912545,-0.104033404,4.304879141,0.832226242
"283",288,"1","Giannis Antetokounmpo",25,"MIL",85,962,1010,0.952,63,30.4,29.5,13.6,5.6,1,1,0.553,0.304,0.633,11.1,0.279,2020,"antetgi01",4894,2194,5.338598837,3.439668088,8.778266924,13.14961267,12.03128488,1.118327799,4.845266553,2.676432671,7.521699225,1.799512278
"284",289,"2","LeBron James",35,"LAL",16,753,1010,0.746,67,34.6,25.3,7.8,10.2,1.2,0.5,0.493,0.348,0.693,9.8,0.204,2020,"jamesle01",6458,3078,6.494467752,1.33266562,7.827133372,16.82248433,11.59111276,5.231371565,5.576724213,1.358693769,6.935417982,0.128867446
"285",290,"3","James Harden",30,"HOU",0,367,1010,0.363,68,36.5,34.3,6.6,7.5,1.8,0.9,0.444,0.355,0.865,13.1,0.254,2020,"hardeja01",6253,2931,8.488455546,1.978387042,10.46684259,19.84238439,16.70559284,3.136791549,8.042809092,2.728677239,10.77148633,-0.094581557
"286",292,"5","Kawhi Leonard",28,"LAC",0,168,1010,0.166,57,32.4,27.1,7.1,4.9,1.8,0.6,0.47,0.378,0.886,8.7,0.226,2020,"leonaka01",4919,2359,6.385148193,3.253237681,9.638385873,14.91051131,11.73034839,3.180162919,5.464795972,4.076926782,9.541722753,-0.640120908
"287",293,"6","Anthony Davis",26,"LAL",0,82,1010,0.081,62,34.4,26.1,9.3,3.2,1.5,2.3,0.503,0.33,0.846,11.1,0.25,2020,"davisan02",6113,2900,3.083301264,4.34730326,7.430604524,15.49317006,9.303934083,6.189235978,2.7846476,4.661157821,7.445805421,1.125995351
"288",294,"7","Chris Paul",34,"OKC",0,26,1010,0.026,70,31.5,17.6,5,6.7,1.6,0.2,0.489,0.365,0.907,8.9,0.193,2020,"paulch01",5175,2469,5.571588975,-2.00066131,3.570927665,7.946262391,8.123435793,-0.177173402,4.373985754,-0.875797887,3.498187867,-0.249149202
"289",295,"8","Damian Lillard",29,"POR",0,23,1010,0.023,66,37.5,30,4.3,8,1.1,0.3,0.463,0.401,0.888,11.6,0.225,2020,"lillada01",5567,2617,8.139388956,-1.78421116,6.355177796,12.3019275,11.9260111,0.375916408,8.449774712,-1.677231858,6.772542854,1.107812556
"290",297,"10","Pascal Siakam",25,"TOR",0,17,1010,0.017,60,35.2,22.9,7.3,3.5,1,0.9,0.453,0.359,0.792,5.4,0.123,2020,"siakapa01",5333,2528,-0.24909741,0.996857152,0.747759742,4.495235724,4.395211852,0.100023872,0.620030359,1.034749563,1.654779923,-0.049793252
"291",298,"11","Jimmy Butler",30,"MIA",0,9,1010,0.009,58,33.8,19.9,6.7,6,1.8,0.6,0.455,0.244,0.834,9,0.221,2020,"butleji01",5631,2765,4.086515305,1.512953691,5.599468996,11.8023759,8.796233576,3.006142327,4.850112608,1.489640125,6.339752734,-0.493136534
"292",299,"12","Jayson Tatum",21,"BOS",0,1,1010,0.001,66,34.3,23.4,7,3,1.4,0.9,0.45,0.403,0.812,6.9,0.146,2020,"tatumja01",6145,2955,3.404007194,2.104405389,5.508412583,12.54958339,9.158698975,3.390884416,4.096688401,1.938681284,6.035369685,-0.156785846
"293",301,"2","Joel Embiid",26,"PHI",1,586,1010,0.58,51,31.1,28.5,10.6,2.8,1,1.4,0.513,0.377,0.859,8.8,0.266,2021,"embiijo01",4084,1942,3.77289776663758,4.58604769728844,8.35894546392602,11.1872094206485,8.85833881504746,2.32887060560109,3.2601381698763,4.33675967328985,7.59689784316615,0.999580854647675
"294",302,"3","Stephen Curry",32,"GSW",5,453,1010,0.449,63,34.2,32,5.5,5.8,1.2,0.1,0.482,0.421,0.916,9,0.201,2021,"curryst01",4715,2152,8.7387010240524,-1.93904989884528,6.79965112520712,10.7605746394512,10.7605746394512,0,8.08715188772832,-1.65642215134479,6.43072973638353,2.653506878324
"295",303,"4","Giannis Antetokounmpo",26,"MIL",1,348,1010,0.345,61,33,28.1,11,5.9,1.2,1.2,0.569,0.303,0.685,10.2,0.244,2021,"antetgi01",6002,2813,4.24637430332853,2.34187392072381,6.58824822405234,13.6667962151266,9.71868942592508,3.94810678920153,4.1398312659395,2.41525696856883,6.55508823450834,1.09606099525632
"296",304,"5","Chris Paul",35,"PHO",2,139,1010,0.138,70,31.4,16.4,4.5,8.9,1.4,0.3,0.499,0.395,0.934,9.2,0.201,2021,"paulch01",5905,2882,4.48202463788765,-1.33818250743958,3.14384213044807,8.69194001236151,6.60754247884867,2.08439753351284,4.0704921558141,-0.790011972679185,3.28048018313491,-0.426290196863784
"297",306,"7","Damian Lillard",30,"POR",0,38,1010,0.038,67,35.8,28.8,4.2,7.5,0.9,0.3,0.451,0.391,0.928,10.4,0.209,2021,"lillada01",5514,2646,8.29766995853728,-2.21405666391964,6.08361329461764,12.3067355308539,9.04474562643664,3.26198990441723,8.42917109035939,-2.57311836265549,5.85605272770389,1.47937512581527
"298",307,"8","Julius Randle",26,"NYK",0,20,1010,0.02,71,37.6,24.1,10.2,6,0.9,0.3,0.456,0.411,0.811,7.8,0.14,2021,"randlju01",5758,2847,0.43805243029402,2.08801395869399,2.52606638898801,7.65013758596442,8.01666646671191,-0.366528880747491,0.12289062254762,2.15274642025401,2.27563704280163,0.160544931989928
"299",308,"9","Derrick Rose",32,"TOT",1,10,1010,0.01,50,25.6,14.7,2.6,4.2,1,0.4,0.47,0.388,0.866,3.1,0.118,2021,"rosede01",2971,1454,1.80568209141403,1.47857533110316,3.28425742251718,4.45692120844673,4.41573196884328,0.0411892396034439,0.702855254857156,0.725136591089395,1.42799184594655,-0.843084067605054
"300",309,"10","Rudy Gobert",28,"UTA",0,8,1010,0.008,71,30.8,14.3,13.5,1.3,0.6,2.7,0.675,0,0.623,11.3,0.248,2021,"goberru01",5381,2563,-0.120712164718414,7.90743912259994,7.78672695788152,13.8377454568371,12.3635312420557,1.47421421478139,0.172996917991053,7.45924616999321,7.63224308798426,0.26809264365753
"301",310,"11","Russell Westbrook",32,"WAS",0,5,1010,0.005,65,36.4,22.2,11.5,11.7,1.4,0.4,0.439,0.315,0.656,3.7,0.075,2021,"westbru01",5695,2555,0.250929406226752,-2.23678223709906,-1.98585283087231,1.00540030671965,1.36122711182667,-0.355826805107012,0.974923515502488,-1.69976045900725,-0.724836943504763,2.48212240156727
"302",311,"12","Ben Simmons",24,"PHI",0,3,1010,0.003,58,32.4,14.3,7.2,6.9,1.6,0.6,0.557,0.3,0.613,6,0.153,2021,"simmobe01",4828,2279,0.694046220725133,1.84349298884918,2.53753920957431,6.24336561402421,4.74827625362501,1.49508936039921,0.316666460845123,2.29851325624263,2.61517971708775,0.871617138288162
"303",312,"13T","James Harden",31,"TOT",0,1,1010,0.001,44,36.6,24.6,7.9,10.8,1.2,0.8,0.466,0.362,0.861,7,0.208,2021,"hardeja01",3977,1931,7.18704672861424,-1.55280498376511,5.63424174484913,8.32633883619426,6.23268505231111,2.09365378388315,6.72867000171436,-1.45708278479894,5.27158721691542,-0.285652189839793
"304",313,"13T","LeBron James",36,"LAL",0,1,1010,0.001,45,33.4,25,7.7,7.8,1.1,0.6,0.513,0.365,0.698,5.6,0.179,2021,"jamesle01",3586,1728,5.87870769875962,0.638155440880721,6.51686313964034,8.28516819964366,6.42391162507098,1.86125657457268,5.0382679207615,0.602557841807885,5.64082576256938,0.192680682671013
"305",314,"13T","Kawhi Leonard",29,"LAC",0,1,1010,0.001,52,34.1,24.8,6.5,5.2,1.6,0.4,0.512,0.398,0.885,8.8,0.238,2021,"leonaka01",4453,2205,6.33426903688395,1.47773154234732,7.81200057923126,11.8839318238362,9.59676743374941,2.28716439008679,6.06332126795823,2.01318108258297,8.0765023505412,-0.541231649287438
